section_name,rown_name,seat,Last Seat,# of Seats,POD Size,Level,Description,Notes
1,10,1,2,2,2,Lower Level,2 Seat Lower Level - No F&B,No F&B at Seats
1,10,5,6,2,2,Lower Level,2 Seat Lower Level - No F&B,No F&B at Seats
1,10,9,11,3,3,Lower Level,3 Seat Lower Level - No F&B,No F&B at Seats
1,10,14,17,4,4,Lower Level,4 Seat Lower Level - No F&B,No F&B at Seats
1,12,1,2,2,2,Lower Level,2 Seat Lower Level - No F&B,No F&B at Seats
1,12,5,6,2,2,Lower Level,2 Seat Lower Level - No F&B,No F&B at Seats
1,12,9,10,2,2,Lower Level,2 Seat Lower Level - No F&B,No F&B at Seats
1,12,13,14,2,2,Lower Level,2 Seat Lower Level - No F&B,No F&B at Seats
1,12,17,18,2,2,Lower Level,2 Seat Lower Level - No F&B,No F&B at Seats
1,14,1,2,2,2,Lower Level,2 Seat Lower Level - No F&B,No F&B at Seats
1,14,5,6,2,2,Lower Level,2 Seat Lower Level - No F&B,No F&B at Seats
1,14,9,10,2,2,Lower Level,2 Seat Lower Level - No F&B,No F&B at Seats
1,14,13,14,2,2,Lower Level,2 Seat Lower Level - No F&B,No F&B at Seats
1,14,17,19,3,3,Lower Level,3 Seat Lower Level - No F&B,No F&B at Seats
1,16,1,2,2,2,Lower Level,2 Seat Lower Level,
1,16,5,6,2,2,Lower Level,2 Seat Lower Level,
1,16,9,10,2,2,Lower Level,2 Seat Lower Level,
1,16,13,14,2,2,Lower Level,2 Seat Lower Level,
1,16,17,20,4,4,Lower Level,4 Seat Lower Level,
1,18,1,2,2,2,Lower Level,2 Seat Lower Level,
1,18,5,6,2,2,Lower Level,2 Seat Lower Level,
1,18,9,10,2,2,Lower Level,2 Seat Lower Level,
1,18,13,14,2,2,Lower Level,2 Seat Lower Level,
1,18,17,18,2,2,Lower Level,2 Seat Lower Level,
1,18,21,23,3,3,Lower Level,3 Seat Lower Level,
1,20,1,2,2,2,Lower Level,2 Seat Lower Level,
1,20,5,6,2,2,Lower Level,2 Seat Lower Level,
1,20,9,10,2,2,Lower Level,2 Seat Lower Level,
1,20,13,14,2,2,Lower Level,2 Seat Lower Level,
1,20,17,18,2,2,Lower Level,2 Seat Lower Level,
1,20,21,23,3,3,Lower Level,3 Seat Lower Level,
3,12,1,2,2,2,Lower Level,2 Seat Lower Level,
3,12,5,6,2,2,Lower Level,2 Seat Lower Level,
3,12,9,10,2,2,Lower Level,2 Seat Lower Level,
3,12,13,16,4,4,Lower Level,4 Seat Lower Level,
3,14,1,2,2,2,Lower Level,2 Seat Lower Level,
3,14,5,6,2,2,Lower Level,2 Seat Lower Level,
3,14,9,11,3,3,Lower Level,3 Seat Lower Level,
3,14,14,17,4,4,Lower Level,4 Seat Lower Level,
3,16,1,2,2,2,Lower Level,2 Seat Lower Level,
3,16,5,6,2,2,Lower Level,2 Seat Lower Level,
3,16,9,10,2,2,Lower Level,2 Seat Lower Level,
3,16,13,14,2,2,Lower Level,2 Seat Lower Level,
3,16,17,19,3,3,Lower Level,3 Seat Lower Level,
3,18,1,2,2,2,Lower Level,2 Seat Lower Level,
3,18,5,6,2,2,Lower Level,2 Seat Lower Level,
3,18,13,14,2,2,Lower Level,2 Seat Lower Level,
3,18,21,24,4,4,Lower Level,4 Seat Lower Level,
4,10,1,2,2,2,Lower Level,2 Seat Lower Level - No F&B,No F&B at Seats
4,10,5,7,3,3,Lower Level,3 Seat Lower Level - No F&B,No F&B at Seats
4,12,1,3,3,3,Lower Level,3 Seat Lower Level,
4,12,6,9,4,4,Lower Level,4 Seat Lower Level,
4,14,1,2,2,2,Lower Level,2 Seat Lower Level,
4,14,5,6,2,2,Lower Level,2 Seat Lower Level,
4,14,9,11,3,3,Lower Level,3 Seat Lower Level,
4,16,1,2,2,2,Lower Level,2 Seat Lower Level,
4,16,5,6,2,2,Lower Level,2 Seat Lower Level,
4,16,9,10,2,2,Lower Level,2 Seat Lower Level,
4,16,13,14,2,2,Lower Level,2 Seat Lower Level,
4,18,1,2,2,2,Lower Level,2 Seat Lower Level,
4,18,5,6,2,2,Lower Level,2 Seat Lower Level,
4,18,9,12,4,4,Lower Level,4 Seat Lower Level,
4,18,15,16,2,2,Lower Level,2 Seat Lower Level,
4,20,1,2,2,2,Lower Level,2 Seat Lower Level,
4,20,5,6,2,2,Lower Level,2 Seat Lower Level,
4,20,9,10,2,2,Lower Level,2 Seat Lower Level,
4,20,13,14,2,2,Lower Level,2 Seat Lower Level,
4,20,17,20,4,4,Lower Level,4 Seat Lower Level,
6,7,4,5,2,2,Center 10,2 Seat Center 10 - No F&B,No F&B at Seats
6,8,1,2,2,2,Center 10,2 Seat Center 10 - No F&B,No F&B at Seats
6,9,6,7,2,2,Center 10,2 Seat Center 10 - No F&B,No F&B at Seats
6,10,1,3,3,3,Center 10,3 Seat Center 10 - No F&B,No F&B at Seats
6,11,7,8,2,2,Center 10,2 Seat Center 10 - No F&B,No F&B at Seats
6,12,1,4,4,4,Center 10,4 Seat Center 10,
6,13,7,8,2,2,Center 10,2 Seat Center 10,
6,14,1,4,4,4,Center 10,4 Seat Center 10,
6,15,7,8,2,2,Center 10,2 Seat Center 10,
6,16,1,4,4,4,Center 10,4 Seat Center 10,
6,17,7,8,2,2,Center 10,2 Seat Center 10,
6,18,1,4,4,4,Center 10,4 Seat Center 10,
6,19,7,8,2,2,Center 10,2 Seat Center 10,
6,20,1,4,4,4,Center 10,4 Seat Center 10,
7,7,1,2,2,2,Center 10,2 Seat Center 10 - No F&B,No F&B at Seats
7,7,5,6,2,2,Center 10,2 Seat Center 10 - No F&B,No F&B at Seats
7,7,9,10,2,2,Center 10,2 Seat Center 10 - No F&B,No F&B at Seats
7,7,13,14,2,2,Center 10,2 Seat Center 10 - No F&B,No F&B at Seats
7,7,17,18,2,2,Center 10,2 Seat Center 10 - No F&B,No F&B at Seats
7,9,1,2,2,2,Center 10,2 Seat Center 10 - No F&B,No F&B at Seats
7,9,5,6,2,2,Center 10,2 Seat Center 10 - No F&B,No F&B at Seats
7,9,9,10,2,2,Center 10,2 Seat Center 10 - No F&B,No F&B at Seats
7,9,13,14,2,2,Center 10,2 Seat Center 10 - No F&B,No F&B at Seats
7,9,17,18,2,2,Center 10,2 Seat Center 10 - No F&B,No F&B at Seats
7,11,1,2,2,2,Center 10,2 Seat Center 10 - No F&B,No F&B at Seats
7,11,5,6,2,2,Center 10,2 Seat Center 10 - No F&B,No F&B at Seats
7,11,9,12,4,4,Center 10,4 Seat Center 10 - No F&B,No F&B at Seats
7,11,15,18,4,4,Center 10,4 Seat Center 10 - No F&B,No F&B at Seats
7,13,1,2,2,2,Center 10,2 Seat Center 10,
7,13,5,6,2,2,Center 10,2 Seat Center 10,
7,13,9,12,4,4,Center 10,4 Seat Center 10,
7,13,15,18,4,4,Center 10,4 Seat Center 10,
7,15,1,2,2,2,Center 10,2 Seat Center 10,
7,15,5,6,2,2,Center 10,2 Seat Center 10,
7,15,9,12,4,4,Center 10,4 Seat Center 10,
7,15,15,18,4,4,Center 10,4 Seat Center 10,
7,17,1,2,2,2,Center 10,2 Seat Center 10,
7,17,5,6,2,2,Center 10,2 Seat Center 10,
7,17,9,10,2,2,Center 10,2 Seat Center 10,
7,17,13,14,2,2,Center 10,2 Seat Center 10,
7,17,17,18,2,2,Center 10,2 Seat Center 10,
7,19,1,2,2,2,Center 10,2 Seat Center 10,
7,19,5,6,2,2,Center 10,2 Seat Center 10,
7,19,13,14,2,2,Center 10,2 Seat Center 10,
7,19,17,18,2,2,Center 10,2 Seat Center 10,
8,7,1,2,2,2,Center 10,2 Seat Center 10 - No F&B,No F&B at Seats
8,7,5,6,2,2,Center 10,2 Seat Center 10 - No F&B,No F&B at Seats
8,7,9,12,4,4,Center 10,4 Seat Center 10 - No F&B,No F&B at Seats
8,7,15,18,4,4,Center 10,4 Seat Center 10 - No F&B,No F&B at Seats
8,9,1,2,2,2,Center 10,2 Seat Center 10 - No F&B,No F&B at Seats
8,9,5,6,2,2,Center 10,2 Seat Center 10 - No F&B,No F&B at Seats
8,9,9,12,4,4,Center 10,4 Seat Center 10 - No F&B,No F&B at Seats
8,9,15,18,4,4,Center 10,4 Seat Center 10 - No F&B,No F&B at Seats
8,11,1,2,2,2,Center 10,2 Seat Center 10 - No F&B,No F&B at Seats
8,11,5,6,2,2,Center 10,2 Seat Center 10 - No F&B,No F&B at Seats
8,11,9,10,2,2,Center 10,2 Seat Center 10 - No F&B,No F&B at Seats
8,11,13,14,2,2,Center 10,2 Seat Center 10 - No F&B,No F&B at Seats
8,11,17,18,2,2,Center 10,2 Seat Center 10 - No F&B,No F&B at Seats
8,13,1,2,2,2,Center 10,2 Seat Center 10,
8,13,5,8,4,4,Center 10,4 Seat Center 10,
8,13,11,12,2,2,Center 10,2 Seat Center 10,
8,13,15,18,4,4,Center 10,4 Seat Center 10,
8,15,1,2,2,2,Center 10,2 Seat Center 10,
8,15,5,6,2,2,Center 10,2 Seat Center 10,
8,15,9,10,2,2,Center 10,2 Seat Center 10,
8,15,13,14,2,2,Center 10,2 Seat Center 10,
8,15,17,18,2,2,Center 10,2 Seat Center 10,
9,7,1,2,2,2,Center 10,2 Seat Center 10 - No F&B,No F&B at Seats
9,7,5,8,4,4,Center 10,4 Seat Center 10 - No F&B,No F&B at Seats
9,7,11,12,2,2,Center 10,2 Seat Center 10 - No F&B,No F&B at Seats
9,7,15,18,4,4,Center 10,4 Seat Center 10 - No F&B,No F&B at Seats
9,9,1,2,2,2,Center 10,2 Seat Center 10 - No F&B,No F&B at Seats
9,9,5,8,4,4,Center 10,4 Seat Center 10 - No F&B,No F&B at Seats
9,9,11,12,2,2,Center 10,2 Seat Center 10 - No F&B,No F&B at Seats
9,9,15,18,4,4,Center 10,4 Seat Center 10 - No F&B,No F&B at Seats
9,11,1,2,2,2,Center 10,2 Seat Center 10 - No F&B,No F&B at Seats
9,11,5,6,2,2,Center 10,2 Seat Center 10 - No F&B,No F&B at Seats
9,11,9,10,2,2,Center 10,2 Seat Center 10 - No F&B,No F&B at Seats
9,11,13,14,2,2,Center 10,2 Seat Center 10 - No F&B,No F&B at Seats
9,11,17,18,2,2,Center 10,2 Seat Center 10 - No F&B,No F&B at Seats
9,13,1,2,2,2,Center 10,2 Seat Center 10,
9,13,5,8,4,4,Center 10,4 Seat Center 10,
9,13,11,12,2,2,Center 10,2 Seat Center 10,
9,13,15,18,4,4,Center 10,4 Seat Center 10,
9,15,1,2,2,2,Center 10,2 Seat Center 10,
9,15,5,6,2,2,Center 10,2 Seat Center 10,
9,15,9,10,2,2,Center 10,2 Seat Center 10,
9,15,13,14,2,2,Center 10,2 Seat Center 10,
9,15,17,18,2,2,Center 10,2 Seat Center 10,
9,17,1,2,2,2,Center 10,2 Seat Center 10,
9,17,5,8,4,4,Center 10,4 Seat Center 10,
9,17,11,12,2,2,Center 10,2 Seat Center 10,
9,17,15,18,4,4,Center 10,4 Seat Center 10,
10,7,1,2,2,2,Center 10,2 Seat Center 10 - No F&B,No F&B at Seats
10,8,5,6,2,2,Center 10,2 Seat Center 10 - No F&B,No F&B at Seats
10,9,1,2,2,2,Center 10,2 Seat Center 10 - No F&B,No F&B at Seats
10,10,5,7,3,3,Center 10,3 Seat Center 10 - No F&B,No F&B at Seats
10,11,1,2,2,2,Center 10,2 Seat Center 10 - No F&B,No F&B at Seats
10,12,5,8,4,4,Center 10,4 Seat Center 10,
10,13,1,2,2,2,Center 10,2 Seat Center 10,
10,14,5,8,4,4,Center 10,4 Seat Center 10,
10,15,1,2,2,2,Center 10,2 Seat Center 10,
10,16,5,8,4,4,Center 10,4 Seat Center 10,
10,17,1,2,2,2,Center 10,2 Seat Center 10,
10,18,5,8,4,4,Center 10,4 Seat Center 10,
10,19,1,2,2,2,Center 10,2 Seat Center 10,
10,20,5,8,4,4,Center 10,4 Seat Center 10,
12,11,1,2,2,2,Lower Level,2 Seat Lower Level - No F&B,No F&B at Seats
12,11,5,8,4,4,Lower Level,4 Seat Lower Level - No F&B,No F&B at Seats
12,13,1,2,2,2,Lower Level,2 Seat Lower Level,
12,13,5,6,2,2,Lower Level,2 Seat Lower Level,
12,13,9,10,2,2,Lower Level,2 Seat Lower Level,
12,15,1,2,2,2,Lower Level,2 Seat Lower Level,
12,15,5,6,2,2,Lower Level,2 Seat Lower Level,
12,15,9,12,4,4,Lower Level,4 Seat Lower Level,
12,17,1,2,2,2,Lower Level,2 Seat Lower Level,
12,17,5,6,2,2,Lower Level,2 Seat Lower Level,
12,17,9,10,2,2,Lower Level,2 Seat Lower Level,
12,17,13,15,3,3,Lower Level,3 Seat Lower Level,
12,19,1,2,2,2,Lower Level,2 Seat Lower Level,
12,19,5,6,2,2,Lower Level,2 Seat Lower Level,
12,19,9,10,2,2,Lower Level,2 Seat Lower Level,
12,19,13,14,2,2,Lower Level,2 Seat Lower Level,
12,19,17,18,2,2,Lower Level,2 Seat Lower Level,
13,11,1,2,2,2,Lower Level,2 Seat Lower Level - No F&B,No F&B at Seats
13,11,5,6,2,2,Lower Level,2 Seat Lower Level - No F&B,No F&B at Seats
13,11,9,10,2,2,Lower Level,2 Seat Lower Level - No F&B,No F&B at Seats
13,11,13,16,4,4,Lower Level,4 Seat Lower Level - No F&B,No F&B at Seats
13,13,1,2,2,2,Lower Level,2 Seat Lower Level - No F&B,No F&B at Seats
13,13,5,6,2,2,Lower Level,2 Seat Lower Level - No F&B,No F&B at Seats
13,13,9,11,3,3,Lower Level,3 Seat Lower Level - No F&B,No F&B at Seats
13,13,14,17,4,4,Lower Level,4 Seat Lower Level - No F&B,No F&B at Seats
13,15,1,2,2,2,Lower Level,2 Seat Lower Level - No F&B,No F&B at Seats
13,15,5,6,2,2,Lower Level,2 Seat Lower Level - No F&B,No F&B at Seats
13,15,9,10,2,2,Lower Level,2 Seat Lower Level - No F&B,No F&B at Seats
13,15,13,14,2,2,Lower Level,2 Seat Lower Level - No F&B,No F&B at Seats
13,15,17,19,3,3,Lower Level,3 Seat Lower Level - No F&B,No F&B at Seats
13,17,1,2,2,2,Lower Level,2 Seat Lower Level - No F&B,No F&B at Seats
13,17,5,6,2,2,Lower Level,2 Seat Lower Level - No F&B,No F&B at Seats
13,17,9,10,2,2,Lower Level,2 Seat Lower Level - No F&B,No F&B at Seats
13,17,13,14,2,2,Lower Level,2 Seat Lower Level - No F&B,No F&B at Seats
13,17,17,20,4,4,Lower Level,4 Seat Lower Level - No F&B,No F&B at Seats
15,10,1,2,2,2,Lower Level,2 Seat Lower Level,
15,10,5,6,2,2,Lower Level,2 Seat Lower Level,
15,10,9,10,2,2,Lower Level,2 Seat Lower Level,
15,12,1,2,2,2,Lower Level,2 Seat Lower Level,
15,12,5,6,2,2,Lower Level,2 Seat Lower Level,
15,12,9,12,4,4,Lower Level,4 Seat Lower Level,
15,14,1,2,2,2,Lower Level,2 Seat Lower Level,
15,14,5,7,3,3,Lower Level,3 Seat Lower Level,
15,14,10,13,4,4,Lower Level,4 Seat Lower Level,
15,16,1,2,2,2,Lower Level,2 Seat Lower Level,
15,16,5,6,2,2,Lower Level,2 Seat Lower Level,
15,16,9,10,2,2,Lower Level,2 Seat Lower Level,
15,16,13,15,3,3,Lower Level,3 Seat Lower Level,
15,18,1,2,2,2,Lower Level,2 Seat Lower Level,
15,18,5,6,2,2,Lower Level,2 Seat Lower Level,
15,18,9,10,2,2,Lower Level,2 Seat Lower Level,
15,18,13,16,4,4,Lower Level,4 Seat Lower Level,
16,1,6,7,2,2,Lower Level,2 Seat Lower Level,
16,3,6,7,2,2,Lower Level,2 Seat Lower Level,
16,5,6,7,2,2,Lower Level,2 Seat Lower Level,
16,7,6,7,2,2,Lower Level,2 Seat Lower Level,
16,10,1,2,2,2,Lower Level,2 Seat Lower Level,
16,10,5,6,2,2,Lower Level,2 Seat Lower Level,
16,10,9,10,2,2,Lower Level,2 Seat Lower Level,
16,10,13,14,2,2,Lower Level,2 Seat Lower Level,
16,10,17,18,2,2,Lower Level,2 Seat Lower Level,
16,12,1,2,2,2,Lower Level,2 Seat Lower Level,
16,12,5,6,2,2,Lower Level,2 Seat Lower Level,
16,12,9,10,2,2,Lower Level,2 Seat Lower Level,
16,12,13,14,2,2,Lower Level,2 Seat Lower Level,
16,12,17,18,2,2,Lower Level,2 Seat Lower Level,
16,14,1,2,2,2,Lower Level,2 Seat Lower Level,
16,14,5,6,2,2,Lower Level,2 Seat Lower Level,
16,14,9,12,4,4,Lower Level,4 Seat Lower Level,
16,14,15,18,4,4,Lower Level,4 Seat Lower Level,
16,16,1,2,2,2,Lower Level,2 Seat Lower Level,
16,16,5,6,2,2,Lower Level,2 Seat Lower Level,
16,16,9,12,4,4,Lower Level,4 Seat Lower Level,
16,16,15,18,4,4,Lower Level,4 Seat Lower Level,
16,18,1,2,2,2,Lower Level,2 Seat Lower Level,
16,18,5,6,2,2,Lower Level,2 Seat Lower Level,
16,18,9,10,2,2,Lower Level,2 Seat Lower Level,
16,18,13,14,2,2,Lower Level,2 Seat Lower Level,
16,18,17,20,4,4,Lower Level,4 Seat Lower Level,
17,2,1,2,2,2,Lower Level,2 Seat Lower Level,
17,8,1,2,2,2,Lower Level,2 Seat Lower Level,
17,10,1,2,2,2,Lower Level,2 Seat Lower Level,
17,10,5,6,2,2,Lower Level,2 Seat Lower Level - Severe Limited View,Severe Limited View
17,10,9,10,2,2,Lower Level,2 Seat Lower Level - Severe Limited View,Severe Limited View
17,12,1,2,2,2,Lower Level,2 Seat Lower Level,
17,12,5,6,2,2,Lower Level,2 Seat Lower Level - Limited View,Limited View
17,12,9,12,4,4,Lower Level,4 Seat Lower Level - Severe Limited View,Severe Limited View
17,14,1,2,2,2,Lower Level,2 Seat Lower Level,
17,14,5,7,3,3,Lower Level,3 Seat Lower Level - Limited View,Limited View
17,14,10,13,4,4,Lower Level,4 Seat Lower Level - Limited View,Limited View
17,16,1,4,4,4,Lower Level,4 Seat Lower Level,
17,16,7,9,3,3,Lower Level,3 Seat Lower Level - Limited View,Limited View
17,16,12,15,4,4,Lower Level,4 Seat Lower Level - Limited View,Limited View
17,18,1,4,4,4,Lower Level,4 Seat Lower Level,
17,18,7,8,2,2,Lower Level,2 Seat Lower Level - Limited View,Limited View
17,18,11,12,2,2,Lower Level,2 Seat Lower Level - Limited View,Limited View
17,18,15,16,2,2,Lower Level,2 Seat Lower Level - Limited View,Limited View
17,20,1,4,4,4,Lower Level,4 Seat Lower Level,
17,20,7,8,2,2,Lower Level,2 Seat Lower Level - Limited View,Limited View
17,20,11,12,2,2,Lower Level,2 Seat Lower Level - Limited View,Limited View
17,20,15,18,4,4,Lower Level,4 Seat Lower Level - Limited View,Limited View
19,1,1,2,2,2,Lower Level,2 Seat Lower Level - No F&B,No F&B at Seats
19,1,5,6,2,2,Lower Level,2 Seat Lower Level - No F&B,No F&B at Seats
19,1,9,11,3,3,Lower Level,3 Seat Lower Level - No F&B,No F&B at Seats
19,3,1,2,2,2,Lower Level,2 Seat Lower Level - No F&B,No F&B at Seats
19,3,5,6,2,2,Lower Level,2 Seat Lower Level - No F&B,No F&B at Seats
19,3,9,12,4,4,Lower Level,4 Seat Lower Level - No F&B,No F&B at Seats
19,5,2,3,2,2,Lower Level,2 Seat Lower Level - Limited View,Limited View
19,5,6,7,2,2,Lower Level,2 Seat Lower Level,
19,5,10,13,4,4,Lower Level,4 Seat Lower Level,
19,7,3,4,2,2,Lower Level,2 Seat Lower Level - Limited View,Limited View
19,7,7,8,2,2,Lower Level,2 Seat Lower Level,
19,7,11,12,2,2,Lower Level,2 Seat Lower Level,
19,7,15,16,2,2,Lower Level,2 Seat Lower Level,
19,9,1,2,2,2,Lower Level,2 Seat Lower Level - Severe Limited View,Severe Limited View
19,9,5,6,2,2,Lower Level,2 Seat Lower Level - Limited View,Limited View
19,9,9,11,3,3,Lower Level,3 Seat Lower Level,
19,9,14,17,4,4,Lower Level,4 Seat Lower Level,
19,11,3,6,4,4,Lower Level,4 Seat Lower Level - Limited View,Limited View
19,11,9,10,2,2,Lower Level,2 Seat Lower Level,
19,11,13,16,4,4,Lower Level,4 Seat Lower Level,
19,13,4,5,2,2,Lower Level,2 Seat Lower Level - Limited View,Limited View
19,13,8,9,2,2,Lower Level,2 Seat Lower Level,
19,13,12,13,2,2,Lower Level,2 Seat Lower Level,
19,13,16,17,2,2,Lower Level,2 Seat Lower Level,
19,14,1,2,2,2,Lower Level,2 Seat Lower Level - Limited View,Limited View
19,15,6,7,2,2,Lower Level,2 Seat Lower Level - Limited View,Limited View
19,15,10,11,2,2,Lower Level,2 Seat Lower Level,
19,15,14,15,2,2,Lower Level,2 Seat Lower Level,
19,15,18,19,2,2,Lower Level,2 Seat Lower Level,
19,16,1,4,4,4,Lower Level,4 Seat Lower Level - Limited View,Limited View
19,17,7,8,2,2,Lower Level,2 Seat Lower Level - Limited View,Limited View
19,17,11,12,2,2,Lower Level,2 Seat Lower Level,
19,17,15,16,2,2,Lower Level,2 Seat Lower Level,
19,17,19,20,2,2,Lower Level,2 Seat Lower Level,
19,19,1,2,2,2,Lower Level,2 Seat Lower Level - Limited View,Limited View
19,19,5,7,3,3,Lower Level,3 Seat Lower Level,
19,19,10,13,4,4,Lower Level,4 Seat Lower Level,
20,2,1,2,2,2,Lower Level,2 Seat Lower Level - No F&B,No F&B at Seats
20,4,1,3,3,3,Lower Level,3 Seat Lower Level,
20,6,1,4,4,4,Lower Level,4 Seat Lower Level,
20,8,1,2,2,2,Lower Level,2 Seat Lower Level,
20,8,5,6,2,2,Lower Level,2 Seat Lower Level,
20,10,1,2,2,2,Lower Level,2 Seat Lower Level,
20,10,5,7,3,3,Lower Level,3 Seat Lower Level,
20,12,1,3,3,3,Lower Level,3 Seat Lower Level,
20,12,6,9,4,4,Lower Level,4 Seat Lower Level,
20,14,1,2,2,2,Lower Level,2 Seat Lower Level,
20,14,5,6,2,2,Lower Level,2 Seat Lower Level,
20,14,9,11,3,3,Lower Level,3 Seat Lower Level,
20,16,1,2,2,2,Lower Level,2 Seat Lower Level,
20,16,5,6,2,2,Lower Level,2 Seat Lower Level,
20,16,9,10,2,2,Lower Level,2 Seat Lower Level,
20,16,13,14,2,2,Lower Level,2 Seat Lower Level,
20,18,1,2,2,2,Lower Level,2 Seat Lower Level,
20,18,5,6,2,2,Lower Level,2 Seat Lower Level,
20,18,9,12,4,4,Lower Level,4 Seat Lower Level,
20,18,15,16,2,2,Lower Level,2 Seat Lower Level,
20,20,1,2,2,2,Lower Level,2 Seat Lower Level,
20,20,5,6,2,2,Lower Level,2 Seat Lower Level,
20,20,9,10,2,2,Lower Level,2 Seat Lower Level,
20,20,13,14,2,2,Lower Level,2 Seat Lower Level,
20,20,17,20,4,4,Lower Level,4 Seat Lower Level,
22,1,1,2,2,2,Center 10,2 Seat Center 10 - No F&B,No F&B at Seats
22,3,1,3,3,3,Center 10,3 Seat Center 10 - No F&B,No F&B at Seats
22,5,1,4,4,4,Center 10,4 Seat Center 10,
22,7,1,4,4,4,Center 10,4 Seat Center 10,
22,9,1,3,3,3,Center 10,3 Seat Center 10,
22,9,6,7,2,2,Center 10,2 Seat Center 10,
22,11,1,4,4,4,Center 10,4 Seat Center 10,
22,11,7,8,2,2,Center 10,2 Seat Center 10,
22,13,1,4,4,4,Center 10,4 Seat Center 10,
22,13,7,8,2,2,Center 10,2 Seat Center 10,
22,15,1,4,4,4,Center 10,4 Seat Center 10,
22,15,7,8,2,2,Center 10,2 Seat Center 10,
22,17,1,4,4,4,Center 10,4 Seat Center 10,
22,17,7,8,2,2,Center 10,2 Seat Center 10,
22,19,1,4,4,4,Center 10,4 Seat Center 10,
22,19,7,8,2,2,Center 10,2 Seat Center 10,
23,1,1,2,2,2,Center 10,2 Seat Center 10 - No F&B,No F&B at Seats
23,1,5,6,2,2,Center 10,2 Seat Center 10 - No F&B,No F&B at Seats
23,1,9,10,2,2,Center 10,2 Seat Center 10 - No F&B,No F&B at Seats
23,1,13,14,2,2,Center 10,2 Seat Center 10 - No F&B,No F&B at Seats
23,1,17,18,2,2,Center 10,2 Seat Center 10 - No F&B,No F&B at Seats
23,3,1,2,2,2,Center 10,2 Seat Center 10 - No F&B,No F&B at Seats
23,3,5,8,4,4,Center 10,4 Seat Center 10 - No F&B,No F&B at Seats
23,3,11,12,2,2,Center 10,2 Seat Center 10 - No F&B,No F&B at Seats
23,3,15,18,4,4,Center 10,4 Seat Center 10 - No F&B,No F&B at Seats
23,5,1,2,2,2,Center 10,2 Seat Center 10,
23,5,5,8,4,4,Center 10,4 Seat Center 10,
23,5,11,12,2,2,Center 10,2 Seat Center 10,
23,5,15,18,4,4,Center 10,4 Seat Center 10,
23,7,1,2,2,2,Center 10,2 Seat Center 10,
23,7,5,8,4,4,Center 10,4 Seat Center 10,
23,7,11,12,2,2,Center 10,2 Seat Center 10,
23,7,15,18,4,4,Center 10,4 Seat Center 10,
23,9,1,2,2,2,Center 10,2 Seat Center 10,
23,9,5,8,4,4,Center 10,4 Seat Center 10,
23,9,11,12,2,2,Center 10,2 Seat Center 10,
23,9,15,18,4,4,Center 10,4 Seat Center 10,
23,11,1,2,2,2,Center 10,2 Seat Center 10,
23,11,5,8,4,4,Center 10,4 Seat Center 10,
23,11,11,12,2,2,Center 10,2 Seat Center 10,
23,11,15,18,4,4,Center 10,4 Seat Center 10,
23,13,1,2,2,2,Center 10,2 Seat Center 10,
23,13,5,6,2,2,Center 10,2 Seat Center 10,
23,13,9,10,2,2,Center 10,2 Seat Center 10,
23,13,13,14,2,2,Center 10,2 Seat Center 10,
23,13,17,18,2,2,Center 10,2 Seat Center 10,
23,15,1,2,2,2,Center 10,2 Seat Center 10,
23,15,5,6,2,2,Center 10,2 Seat Center 10,
23,15,9,10,2,2,Center 10,2 Seat Center 10,
23,15,13,14,2,2,Center 10,2 Seat Center 10,
23,15,17,18,2,2,Center 10,2 Seat Center 10,
23,17,1,2,2,2,Center 10,2 Seat Center 10,
23,17,5,6,2,2,Center 10,2 Seat Center 10,
23,17,9,10,2,2,Center 10,2 Seat Center 10,
23,17,13,14,2,2,Center 10,2 Seat Center 10,
23,17,17,18,2,2,Center 10,2 Seat Center 10,
24,7,1,2,2,2,Center 10,2 Seat Center 10,
24,7,5,8,4,4,Center 10,4 Seat Center 10,
24,7,11,12,2,2,Center 10,2 Seat Center 10,
24,7,15,18,4,4,Center 10,4 Seat Center 10,
24,9,1,2,2,2,Center 10,2 Seat Center 10,
24,9,5,8,4,4,Center 10,4 Seat Center 10,
24,9,11,12,2,2,Center 10,2 Seat Center 10,
24,9,15,18,4,4,Center 10,4 Seat Center 10,
24,11,1,2,2,2,Center 10,2 Seat Center 10,
24,11,5,8,4,4,Center 10,4 Seat Center 10,
24,11,11,12,2,2,Center 10,2 Seat Center 10,
24,11,15,18,4,4,Center 10,4 Seat Center 10,
24,13,1,2,2,2,Center 10,2 Seat Center 10,
24,13,5,8,4,4,Center 10,4 Seat Center 10,
24,13,11,12,2,2,Center 10,2 Seat Center 10,
24,13,15,18,4,4,Center 10,4 Seat Center 10,
24,15,1,2,2,2,Center 10,2 Seat Center 10,
24,15,5,6,2,2,Center 10,2 Seat Center 10,
24,15,9,10,2,2,Center 10,2 Seat Center 10,
24,15,13,14,2,2,Center 10,2 Seat Center 10,
24,15,17,18,2,2,Center 10,2 Seat Center 10,
24,17,1,2,2,2,Center 10,2 Seat Center 10,
24,17,5,6,2,2,Center 10,2 Seat Center 10,
24,17,9,10,2,2,Center 10,2 Seat Center 10,
24,17,13,14,2,2,Center 10,2 Seat Center 10,
24,17,17,18,2,2,Center 10,2 Seat Center 10,
25,7,1,2,2,2,Center 10,2 Seat Center 10,
25,7,5,8,4,4,Center 10,4 Seat Center 10,
25,7,11,12,2,2,Center 10,2 Seat Center 10,
25,7,15,18,4,4,Center 10,4 Seat Center 10,
25,9,1,2,2,2,Center 10,2 Seat Center 10,
25,9,5,8,4,4,Center 10,4 Seat Center 10,
25,9,11,12,2,2,Center 10,2 Seat Center 10,
25,9,15,18,4,4,Center 10,4 Seat Center 10,
25,11,1,2,2,2,Center 10,2 Seat Center 10,
25,11,5,8,4,4,Center 10,4 Seat Center 10,
25,11,11,12,2,2,Center 10,2 Seat Center 10,
25,11,15,18,4,4,Center 10,4 Seat Center 10,
25,13,1,2,2,2,Center 10,2 Seat Center 10,
25,13,5,8,4,4,Center 10,4 Seat Center 10,
25,13,11,12,2,2,Center 10,2 Seat Center 10,
25,13,15,18,4,4,Center 10,4 Seat Center 10,
25,15,1,2,2,2,Center 10,2 Seat Center 10,
25,15,5,6,2,2,Center 10,2 Seat Center 10,
25,15,9,10,2,2,Center 10,2 Seat Center 10,
25,15,13,14,2,2,Center 10,2 Seat Center 10,
25,15,17,18,2,2,Center 10,2 Seat Center 10,
25,17,1,2,2,2,Center 10,2 Seat Center 10,
25,17,5,6,2,2,Center 10,2 Seat Center 10,
25,17,9,10,2,2,Center 10,2 Seat Center 10,
25,17,13,14,2,2,Center 10,2 Seat Center 10,
25,17,17,18,2,2,Center 10,2 Seat Center 10,
26,1,1,2,2,2,Center 10,2 Seat Center 10 - No F&B,No F&B at Seats
26,3,1,3,3,3,Center 10,3 Seat Center 10 - No F&B,No F&B at Seats
26,5,1,4,4,4,Center 10,4 Seat Center 10,
26,7,2,5,4,4,Center 10,4 Seat Center 10,
26,9,1,2,2,2,Center 10,2 Seat Center 10,
26,9,5,7,3,3,Center 10,3 Seat Center 10,
26,11,1,2,2,2,Center 10,2 Seat Center 10,
26,11,5,8,4,4,Center 10,4 Seat Center 10,
26,13,1,2,2,2,Center 10,2 Seat Center 10,
26,13,5,8,4,4,Center 10,4 Seat Center 10,
26,15,1,2,2,2,Center 10,2 Seat Center 10,
26,15,5,8,4,4,Center 10,4 Seat Center 10,
26,17,1,2,2,2,Center 10,2 Seat Center 10,
26,17,5,8,4,4,Center 10,4 Seat Center 10,
26,19,1,2,2,2,Center 10,2 Seat Center 10,
26,19,5,8,4,4,Center 10,4 Seat Center 10,
28,3,1,2,2,2,Lower Level,2 Seat Lower Level - No F&B,No F&B at Seats
28,5,1,4,4,4,Lower Level,4 Seat Lower Level,
28,7,1,4,4,4,Lower Level,4 Seat Lower Level,
28,9,1,3,3,3,Lower Level,3 Seat Lower Level,
28,9,6,7,2,2,Lower Level,2 Seat Lower Level,
28,11,1,4,4,4,Lower Level,4 Seat Lower Level,
28,11,7,8,2,2,Lower Level,2 Seat Lower Level,
28,13,1,2,2,2,Lower Level,2 Seat Lower Level,
28,13,5,6,2,2,Lower Level,2 Seat Lower Level,
28,13,9,10,2,2,Lower Level,2 Seat Lower Level,
28,15,1,4,4,4,Lower Level,4 Seat Lower Level,
28,15,7,8,2,2,Lower Level,2 Seat Lower Level,
28,15,11,12,2,2,Lower Level,2 Seat Lower Level,
29,3,1,3,3,3,Lower Level,3 Seat Lower Level - No F&B,No F&B at Seats
29,5,1,2,2,2,Lower Level,2 Seat Lower Level,
29,5,5,6,2,2,Lower Level,2 Seat Lower Level,
29,7,1,2,2,2,Lower Level,2 Seat Lower Level,
29,7,5,6,2,2,Lower Level,2 Seat Lower Level,
29,7,9,10,2,2,Lower Level,2 Seat Lower Level,
29,9,1,2,2,2,Lower Level,2 Seat Lower Level,
29,9,5,6,2,2,Lower Level,2 Seat Lower Level,
29,9,9,12,4,4,Lower Level,4 Seat Lower Level,
29,11,1,2,2,2,Lower Level,2 Seat Lower Level,
29,11,5,7,3,3,Lower Level,3 Seat Lower Level,
29,11,10,13,4,4,Lower Level,4 Seat Lower Level,
29,13,1,2,2,2,Lower Level,2 Seat Lower Level,
29,13,5,6,2,2,Lower Level,2 Seat Lower Level,
29,13,9,10,2,2,Lower Level,2 Seat Lower Level,
29,13,13,15,3,3,Lower Level,3 Seat Lower Level,
29,15,1,2,2,2,Lower Level,2 Seat Lower Level,
29,15,5,6,2,2,Lower Level,2 Seat Lower Level,
29,15,9,10,2,2,Lower Level,2 Seat Lower Level,
29,15,13,16,4,4,Lower Level,4 Seat Lower Level,
29,17,1,2,2,2,Lower Level,2 Seat Lower Level,
29,17,5,6,2,2,Lower Level,2 Seat Lower Level,
29,17,9,11,3,3,Lower Level,3 Seat Lower Level,
29,17,14,17,4,4,Lower Level,4 Seat Lower Level - Limited View,Limited View
31,7,1,4,4,4,Lower Level,4 Seat Lower Level,
31,7,7,8,2,2,Lower Level,2 Seat Lower Level,
31,7,11,12,2,2,Lower Level,2 Seat Lower Level,
31,9,1,4,4,4,Lower Level,4 Seat Lower Level,
31,9,7,8,2,2,Lower Level,2 Seat Lower Level,
31,9,11,12,2,2,Lower Level,2 Seat Lower Level,
31,11,1,4,4,4,Lower Level,4 Seat Lower Level - Limited View,Limited View
31,11,7,8,2,2,Lower Level,2 Seat Lower Level,
31,11,11,12,2,2,Lower Level,2 Seat Lower Level,
31,11,15,16,2,2,Lower Level,2 Seat Lower Level,
31,11,19,20,2,2,Lower Level,2 Seat Lower Level,
31,13,1,3,3,3,Lower Level,3 Seat Lower Level - Limited View,Limited View
31,13,6,7,2,2,Lower Level,2 Seat Lower Level - Limited View,Limited View
31,13,10,13,4,4,Lower Level,4 Seat Lower Level,
31,13,16,17,2,2,Lower Level,2 Seat Lower Level,
31,13,20,21,2,2,Lower Level,2 Seat Lower Level,
31,15,1,3,3,3,Lower Level,3 Seat Lower Level - Limited View,Limited View
31,15,6,7,2,2,Lower Level,2 Seat Lower Level - Limited View,Limited View
31,15,10,13,4,4,Lower Level,4 Seat Lower Level,
31,15,16,18,3,3,Lower Level,3 Seat Lower Level,
31,15,21,22,2,2,Lower Level,2 Seat Lower Level,
31,17,1,3,3,3,Lower Level,3 Seat Lower Level - Limited View,Limited View
31,17,6,8,3,3,Lower Level,3 Seat Lower Level,
31,17,11,12,2,2,Lower Level,2 Seat Lower Level,
31,17,15,16,2,2,Lower Level,2 Seat Lower Level,
31,17,19,20,2,2,Lower Level,2 Seat Lower Level,
31,17,23,24,2,2,Lower Level,2 Seat Lower Level,
31,19,1,4,4,4,Lower Level,4 Seat Lower Level,
31,19,7,9,3,3,Lower Level,3 Seat Lower Level,
31,19,12,13,2,2,Lower Level,2 Seat Lower Level,
102,4,1,3,3,3,100-Level,3 Seat 100-Level,
102,4,6,7,2,2,100-Level,2 Seat 100-Level,
102,4,10,11,2,2,100-Level,2 Seat 100-Level,
102,4,14,15,2,2,100-Level,2 Seat 100-Level,
102,6,1,4,4,4,100-Level,4 Seat 100-Level,
102,6,7,8,2,2,100-Level,2 Seat 100-Level,
102,6,11,12,2,2,100-Level,2 Seat 100-Level,
102,6,15,16,2,2,100-Level,2 Seat 100-Level,
102,8,1,2,2,2,100-Level,2 Seat 100-Level,
102,8,5,6,2,2,100-Level,2 Seat 100-Level,
102,8,9,10,2,2,100-Level,2 Seat 100-Level,
102,8,13,14,2,2,100-Level,2 Seat 100-Level,
102,8,17,18,2,2,100-Level,2 Seat 100-Level,
104,4,1,4,4,4,100-Level,4 Seat 100-Level,
104,4,7,8,2,2,100-Level,2 Seat 100-Level,
104,4,9,11,3,3,100-Level,3 Seat 100-Level,
104,4,14,15,2,2,100-Level,2 Seat 100-Level,
104,6,1,4,4,4,100-Level,4 Seat 100-Level,
104,6,7,8,2,2,100-Level,2 Seat 100-Level,
104,6,11,12,2,2,100-Level,2 Seat 100-Level,
104,6,15,16,2,2,100-Level,2 Seat 100-Level,
104,6,19,20,2,2,100-Level,2 Seat 100-Level,
104,8,1,4,4,4,100-Level,4 Seat 100-Level,
104,8,7,8,2,2,100-Level,2 Seat 100-Level,
104,8,11,12,2,2,100-Level,2 Seat 100-Level,
104,8,15,16,2,2,100-Level,2 Seat 100-Level,
104,8,19,20,2,2,100-Level,2 Seat 100-Level,
105,4,1,3,3,3,100-Level,3 Seat 100-Level,
105,4,6,7,2,2,100-Level,2 Seat 100-Level,
105,4,10,11,2,2,100-Level,2 Seat 100-Level,
105,4,14,15,2,2,100-Level,2 Seat 100-Level,
105,6,1,4,4,4,100-Level,4 Seat 100-Level,
105,6,7,9,3,3,100-Level,3 Seat 100-Level,
105,6,12,13,2,2,100-Level,2 Seat 100-Level,
105,6,16,17,2,2,100-Level,2 Seat 100-Level,
105,8,1,4,4,4,100-Level,4 Seat 100-Level,
105,8,7,9,3,3,100-Level,3 Seat 100-Level,
105,8,12,13,2,2,100-Level,2 Seat 100-Level,
105,8,16,17,2,2,100-Level,2 Seat 100-Level,
105,8,20,21,2,2,100-Level,2 Seat 100-Level,
106,2,1,4,4,4,100-Level,4 Seat 100-Level,
106,2,7,8,2,2,100-Level,2 Seat 100-Level,
106,4,1,4,4,4,100-Level,4 Seat 100-Level,
106,4,7,8,2,2,100-Level,2 Seat 100-Level,
106,6,1,4,4,4,100-Level,4 Seat 100-Level,
106,6,7,8,2,2,100-Level,2 Seat 100-Level,
106,8,1,4,4,4,100-Level,4 Seat 100-Level,
106,8,7,8,2,2,100-Level,2 Seat 100-Level,
107,4,1,2,2,2,100-Level,2 Seat 100-Level,
107,4,5,6,2,2,100-Level,2 Seat 100-Level,
107,4,7,8,2,2,100-Level,2 Seat 100-Level,
107,4,11,12,2,2,100-Level,2 Seat 100-Level,
107,6,1,2,2,2,100-Level,2 Seat 100-Level,
107,6,5,6,2,2,100-Level,2 Seat 100-Level,
107,6,9,10,2,2,100-Level,2 Seat 100-Level,
107,6,13,14,2,2,100-Level,2 Seat 100-Level,
107,6,17,18,2,2,100-Level,2 Seat 100-Level,
107,8,1,2,2,2,100-Level,2 Seat 100-Level,
107,8,5,6,2,2,100-Level,2 Seat 100-Level,
107,8,9,10,2,2,100-Level,2 Seat 100-Level,
107,8,13,14,2,2,100-Level,2 Seat 100-Level,
107,8,17,18,2,2,100-Level,2 Seat 100-Level,
108,4,1,2,2,2,100-Level,2 Seat 100-Level,
108,4,5,6,2,2,100-Level,2 Seat 100-Level,
108,4,7,8,2,2,100-Level,2 Seat 100-Level,
108,4,11,12,2,2,100-Level,2 Seat 100-Level,
108,6,1,4,4,4,100-Level,4 Seat 100-Level,
108,6,7,8,2,2,100-Level,2 Seat 100-Level,
108,6,11,12,2,2,100-Level,2 Seat 100-Level,
108,6,15,16,2,2,100-Level,2 Seat 100-Level,
108,8,1,4,4,4,100-Level,4 Seat 100-Level,
108,8,7,9,3,3,100-Level,3 Seat 100-Level,
108,8,12,13,2,2,100-Level,2 Seat 100-Level,
108,8,16,17,2,2,100-Level,2 Seat 100-Level,
109,4,1,2,2,2,100-Level,2 Seat 100-Level - Limited View,Limited View
109,4,5,6,2,2,100-Level,2 Seat 100-Level - Limited View,Limited View
109,4,7,8,2,2,100-Level,2 Seat 100-Level - Limited View,Limited View
109,4,11,12,2,2,100-Level,2 Seat 100-Level - Limited View,Limited View
109,6,1,4,4,4,100-Level,4 Seat 100-Level,
109,6,7,10,4,4,100-Level,4 Seat 100-Level,
109,6,13,14,2,2,100-Level,2 Seat 100-Level,
109,6,17,18,2,2,100-Level,2 Seat 100-Level,
109,8,1,2,2,2,100-Level,2 Seat 100-Level,
109,8,5,6,2,2,100-Level,2 Seat 100-Level,
109,8,9,10,2,2,100-Level,2 Seat 100-Level,
109,8,13,14,2,2,100-Level,2 Seat 100-Level,
109,8,17,18,2,2,100-Level,2 Seat 100-Level,
110,2,1,2,2,2,100-Level,2 Seat 100-Level - Limited View,Limited View
110,2,5,8,4,4,100-Level,4 Seat 100-Level,
110,4,1,2,2,2,100-Level,2 Seat 100-Level - Limited View,Limited View
110,4,5,8,4,4,100-Level,4 Seat 100-Level - Limited View,Limited View
110,6,1,2,2,2,100-Level,2 Seat 100-Level,
110,6,5,8,4,4,100-Level,4 Seat 100-Level,
110,8,1,2,2,2,100-Level,2 Seat 100-Level,
110,8,5,8,4,4,100-Level,4 Seat 100-Level,
111,4,1,2,2,2,100-Level,2 Seat 100-Level,
111,4,5,6,2,2,100-Level,2 Seat 100-Level,
111,4,9,11,3,3,100-Level,3 Seat 100-Level,
111,4,14,15,2,2,100-Level,2 Seat 100-Level,
111,6,1,2,2,2,100-Level,2 Seat 100-Level,
111,6,5,7,3,3,100-Level,3 Seat 100-Level,
111,6,10,13,4,4,100-Level,4 Seat 100-Level,
111,6,16,17,2,2,100-Level,2 Seat 100-Level,
111,8,1,4,4,4,100-Level,4 Seat 100-Level,
111,8,7,9,3,3,100-Level,3 Seat 100-Level,
111,8,12,13,2,2,100-Level,2 Seat 100-Level,
111,8,16,17,2,2,100-Level,2 Seat 100-Level,
111,8,20,21,2,2,100-Level,2 Seat 100-Level,
112,4,1,2,2,2,100-Level,2 Seat 100-Level,
112,4,5,7,3,3,100-Level,3 Seat 100-Level,
112,4,8,9,2,2,100-Level,2 Seat 100-Level,
112,4,12,15,4,4,100-Level,4 Seat 100-Level,
112,6,1,2,2,2,100-Level,2 Seat 100-Level,
112,6,5,6,2,2,100-Level,2 Seat 100-Level,
112,6,9,10,2,2,100-Level,2 Seat 100-Level,
112,6,13,14,2,2,100-Level,2 Seat 100-Level,
112,6,17,18,2,2,100-Level,2 Seat 100-Level,
112,6,21,22,2,2,100-Level,2 Seat 100-Level,
112,8,1,2,2,2,100-Level,2 Seat 100-Level,
112,8,5,6,2,2,100-Level,2 Seat 100-Level,
112,8,9,10,2,2,100-Level,2 Seat 100-Level,
112,8,13,14,2,2,100-Level,2 Seat 100-Level,
112,8,17,18,2,2,100-Level,2 Seat 100-Level,
112,8,21,22,2,2,100-Level,2 Seat 100-Level,
114,4,1,2,2,2,100-Level,2 Seat 100-Level,
114,4,5,8,4,4,100-Level,4 Seat 100-Level,
114,6,1,2,2,2,100-Level,2 Seat 100-Level,
114,6,5,6,2,2,100-Level,2 Seat 100-Level,
114,6,9,11,3,3,100-Level,3 Seat 100-Level,
114,6,14,17,4,4,100-Level,4 Seat 100-Level,
114,8,1,2,2,2,100-Level,2 Seat 100-Level,
114,8,5,6,2,2,100-Level,2 Seat 100-Level,
114,8,9,10,2,2,100-Level,2 Seat 100-Level,
114,8,13,15,3,3,100-Level,3 Seat 100-Level,
114,8,18,19,2,2,100-Level,2 Seat 100-Level,
117,2,1,2,2,2,100-Level,2 Seat 100-Level,
117,2,5,6,2,2,100-Level,2 Seat 100-Level,
117,2,9,10,2,2,100-Level,2 Seat 100-Level,
117,2,13,14,2,2,100-Level,2 Seat 100-Level,
117,4,1,2,2,2,100-Level,2 Seat 100-Level,
117,4,5,6,2,2,100-Level,2 Seat 100-Level,
117,4,9,10,2,2,100-Level,2 Seat 100-Level,
117,4,13,15,3,3,100-Level,3 Seat 100-Level,
117,6,1,2,2,2,100-Level,2 Seat 100-Level,
117,6,5,6,2,2,100-Level,2 Seat 100-Level,
117,6,9,10,2,2,100-Level,2 Seat 100-Level,
117,6,13,16,4,4,100-Level,4 Seat 100-Level,
117,8,1,2,2,2,100-Level,2 Seat 100-Level,
117,8,5,6,2,2,100-Level,2 Seat 100-Level,
117,8,9,10,2,2,100-Level,2 Seat 100-Level,
117,8,13,16,4,4,100-Level,4 Seat 100-Level,
118,4,1,4,4,4,100-Level,4 Seat 100-Level,
118,4,7,8,2,2,100-Level,2 Seat 100-Level,
118,6,1,4,4,4,100-Level,4 Seat 100-Level,
118,6,7,9,3,3,100-Level,3 Seat 100-Level,
118,6,12,13,2,2,100-Level,2 Seat 100-Level,
118,6,16,17,2,2,100-Level,2 Seat 100-Level,
118,8,1,2,2,2,100-Level,2 Seat 100-Level,
118,8,5,6,2,2,100-Level,2 Seat 100-Level,
118,8,9,10,2,2,100-Level,2 Seat 100-Level,
118,8,13,14,2,2,100-Level,2 Seat 100-Level,
118,8,17,19,3,3,100-Level,3 Seat 100-Level,
120,1,1,2,2,2,100-Level,2 Seat 100-Level,
120,1,5,6,2,2,100-Level,2 Seat 100-Level,
120,1,9,10,2,2,100-Level,2 Seat 100-Level,
120,3,1,2,2,2,100-Level,2 Seat 100-Level,
120,3,5,8,4,4,100-Level,4 Seat 100-Level,
120,4,9,10,2,2,100-Level,2 Seat 100-Level,
120,4,13,15,3,3,100-Level,3 Seat 100-Level,
120,5,1,2,2,2,100-Level,2 Seat 100-Level,
120,5,5,8,4,4,100-Level,4 Seat 100-Level,
120,6,11,14,4,4,100-Level,4 Seat 100-Level,
120,6,17,18,2,2,100-Level,2 Seat 100-Level,
120,6,21,22,2,2,100-Level,2 Seat 100-Level,
120,7,1,2,2,2,100-Level,2 Seat 100-Level,
120,7,5,8,4,4,100-Level,4 Seat 100-Level,
120,8,11,14,4,4,100-Level,4 Seat 100-Level,
120,8,17,18,2,2,100-Level,2 Seat 100-Level,
120,8,21,22,2,2,100-Level,2 Seat 100-Level,
121,4,1,3,3,3,100-Level,3 Seat 100-Level,
121,4,6,7,2,2,100-Level,2 Seat 100-Level,
121,4,10,11,2,2,100-Level,2 Seat 100-Level,
121,4,14,15,2,2,100-Level,2 Seat 100-Level,
121,6,1,3,3,3,100-Level,3 Seat 100-Level,
121,6,6,9,4,4,100-Level,4 Seat 100-Level,
121,6,12,13,2,2,100-Level,2 Seat 100-Level,
121,6,16,17,2,2,100-Level,2 Seat 100-Level,
121,8,1,3,3,3,100-Level,3 Seat 100-Level,
121,8,6,9,4,4,100-Level,4 Seat 100-Level,
121,8,12,13,2,2,100-Level,2 Seat 100-Level,
121,8,16,17,2,2,100-Level,2 Seat 100-Level,
121,8,20,21,2,2,100-Level,2 Seat 100-Level,
122,1,1,2,2,2,100-Level,2 Seat 100-Level,
122,1,5,6,2,2,100-Level,2 Seat 100-Level,
122,3,1,2,2,2,100-Level,2 Seat 100-Level,
122,3,5,8,4,4,100-Level,4 Seat 100-Level,
122,5,1,2,2,2,100-Level,2 Seat 100-Level,
122,5,5,8,4,4,100-Level,4 Seat 100-Level,
122,7,1,2,2,2,100-Level,2 Seat 100-Level,
122,7,5,8,4,4,100-Level,4 Seat 100-Level,
123,4,1,2,2,2,100-Level,2 Seat 100-Level,
123,4,5,6,2,2,100-Level,2 Seat 100-Level,
123,4,7,10,4,4,100-Level,4 Seat 100-Level,
123,6,1,2,2,2,100-Level,2 Seat 100-Level,
123,6,5,6,2,2,100-Level,2 Seat 100-Level,
123,6,9,11,3,3,100-Level,3 Seat 100-Level,
123,6,14,17,4,4,100-Level,4 Seat 100-Level,
123,8,1,2,2,2,100-Level,2 Seat 100-Level,
123,8,5,6,2,2,100-Level,2 Seat 100-Level,
123,8,9,10,2,2,100-Level,2 Seat 100-Level,
123,8,13,14,2,2,100-Level,2 Seat 100-Level,
123,8,17,18,2,2,100-Level,2 Seat 100-Level,
125,4,1,4,4,4,100-Level,4 Seat 100-Level,
125,4,6,7,2,2,100-Level,2 Seat 100-Level,
125,4,10,11,2,2,100-Level,2 Seat 100-Level,
125,6,1,4,4,4,100-Level,4 Seat 100-Level,
125,6,7,9,3,3,100-Level,3 Seat 100-Level,
125,6,12,13,2,2,100-Level,2 Seat 100-Level,
125,6,16,17,2,2,100-Level,2 Seat 100-Level,
125,8,1,2,2,2,100-Level,2 Seat 100-Level,
125,8,5,6,2,2,100-Level,2 Seat 100-Level,
125,8,9,10,2,2,100-Level,2 Seat 100-Level,
125,8,13,14,2,2,100-Level,2 Seat 100-Level,
125,8,17,18,2,2,100-Level,2 Seat 100-Level,
126,1,1,2,2,2,100-Level,2 Seat 100-Level - Limited View,Limited View
126,1,5,6,2,2,100-Level,2 Seat 100-Level,
126,3,1,2,2,2,100-Level,2 Seat 100-Level,
126,3,5,8,4,4,100-Level,4 Seat 100-Level,
126,5,1,2,2,2,100-Level,2 Seat 100-Level,
126,5,5,8,4,4,100-Level,4 Seat 100-Level,
126,7,1,2,2,2,100-Level,2 Seat 100-Level,
126,7,5,8,4,4,100-Level,4 Seat 100-Level,
201,1,1,2,2,2,200-Level,2 Seat 200-Level,
201,1,5,6,2,2,200-Level,2 Seat 200-Level,
201,1,9,10,2,2,200-Level,2 Seat 200-Level,
201,1,13,14,2,2,200-Level,2 Seat 200-Level,
201,1,17,18,2,2,200-Level,2 Seat 200-Level,
201,1,21,22,2,2,200-Level,2 Seat 200-Level,
201,1,25,26,2,2,200-Level,2 Seat 200-Level,
201,3,1,2,2,2,200-Level,2 Seat 200-Level,
201,3,5,6,2,2,200-Level,2 Seat 200-Level,
201,3,9,10,2,2,200-Level,2 Seat 200-Level,
201,3,13,14,2,2,200-Level,2 Seat 200-Level,
201,3,17,18,2,2,200-Level,2 Seat 200-Level,
201,3,21,22,2,2,200-Level,2 Seat 200-Level,
201,3,25,26,2,2,200-Level,2 Seat 200-Level,
201,5,1,2,2,2,200-Level,2 Seat 200-Level,
201,5,5,6,2,2,200-Level,2 Seat 200-Level,
201,5,9,10,2,2,200-Level,2 Seat 200-Level,
201,5,13,14,2,2,200-Level,2 Seat 200-Level,
201,5,17,18,2,2,200-Level,2 Seat 200-Level,
201,5,21,22,2,2,200-Level,2 Seat 200-Level,
201,5,25,26,2,2,200-Level,2 Seat 200-Level,
201,7,1,2,2,2,200-Level,2 Seat 200-Level,
201,7,5,6,2,2,200-Level,2 Seat 200-Level,
201,7,9,10,2,2,200-Level,2 Seat 200-Level,
201,9,3,4,2,2,200-Level,2 Seat 200-Level,
201,9,7,8,2,2,200-Level,2 Seat 200-Level,
201,11,3,4,2,2,200-Level,2 Seat 200-Level,
201,11,7,8,2,2,200-Level,2 Seat 200-Level,
201,13,5,6,2,2,200-Level,2 Seat 200-Level,
201,13,9,10,2,2,200-Level,2 Seat 200-Level,
202,1,1,2,2,2,200-Level,2 Seat 200-Level,
202,1,5,6,2,2,200-Level,2 Seat 200-Level,
202,1,9,10,2,2,200-Level,2 Seat 200-Level,
202,3,1,2,2,2,200-Level,2 Seat 200-Level,
202,3,5,6,2,2,200-Level,2 Seat 200-Level,
202,3,10,13,4,4,200-Level,4 Seat 200-Level,
202,5,1,2,2,2,200-Level,2 Seat 200-Level,
202,5,5,7,3,3,200-Level,3 Seat 200-Level,
202,5,11,12,2,2,200-Level,2 Seat 200-Level,
202,5,15,16,2,2,200-Level,2 Seat 200-Level,
202,7,1,2,2,2,200-Level,2 Seat 200-Level,
202,7,5,6,2,2,200-Level,2 Seat 200-Level,
202,7,9,10,2,2,200-Level,2 Seat 200-Level,
202,7,14,15,2,2,200-Level,2 Seat 200-Level,
202,7,18,19,2,2,200-Level,2 Seat 200-Level,
202,9,1,2,2,2,200-Level,2 Seat 200-Level,
202,9,5,6,2,2,200-Level,2 Seat 200-Level,
202,9,9,10,2,2,200-Level,2 Seat 200-Level,
202,9,13,16,4,4,200-Level,4 Seat 200-Level,
202,11,1,2,2,2,200-Level,2 Seat 200-Level,
202,11,5,6,2,2,200-Level,2 Seat 200-Level,
202,11,9,10,2,2,200-Level,2 Seat 200-Level,
202,11,13,14,2,2,200-Level,2 Seat 200-Level,
202,11,17,18,2,2,200-Level,2 Seat 200-Level,
202,13,1,2,2,2,200-Level,2 Seat 200-Level,
202,13,5,6,2,2,200-Level,2 Seat 200-Level,
202,13,9,10,2,2,200-Level,2 Seat 200-Level,
202,13,13,14,2,2,200-Level,2 Seat 200-Level,
202,13,17,18,2,2,200-Level,2 Seat 200-Level,
202,13,21,22,2,2,200-Level,2 Seat 200-Level,
202,13,25,28,4,4,200-Level,4 Seat 200-Level,
203,1,1,2,2,2,200-Level,2 Seat 200-Level,
203,1,5,6,2,2,200-Level,2 Seat 200-Level,
203,1,9,10,2,2,200-Level,2 Seat 200-Level,
203,1,13,14,2,2,200-Level,2 Seat 200-Level,
203,1,17,20,4,4,200-Level,4 Seat 200-Level,
203,3,1,2,2,2,200-Level,2 Seat 200-Level,
203,3,5,6,2,2,200-Level,2 Seat 200-Level,
203,3,9,10,2,2,200-Level,2 Seat 200-Level,
203,3,13,14,2,2,200-Level,2 Seat 200-Level,
203,3,17,20,4,4,200-Level,4 Seat 200-Level,
203,5,1,2,2,2,200-Level,2 Seat 200-Level,
203,5,5,6,2,2,200-Level,2 Seat 200-Level,
203,5,9,10,2,2,200-Level,2 Seat 200-Level,
203,5,13,14,2,2,200-Level,2 Seat 200-Level,
203,5,17,20,4,4,200-Level,4 Seat 200-Level,
203,7,1,2,2,2,200-Level,2 Seat 200-Level,
203,7,3,4,2,2,200-Level,2 Seat 200-Level,
203,10,1,2,2,2,200-Level,2 Seat 200-Level,
203,10,5,6,2,2,200-Level,2 Seat 200-Level,
203,10,8,11,4,4,200-Level,4 Seat 200-Level,
203,13,1,2,2,2,200-Level,2 Seat 200-Level,
203,13,5,6,2,2,200-Level,2 Seat 200-Level,
203,13,9,10,2,2,200-Level,2 Seat 200-Level,
203,13,13,14,2,2,200-Level,2 Seat 200-Level,
203,13,17,20,4,4,200-Level,4 Seat 200-Level,
204,1,1,2,2,2,200-Level,2 Seat 200-Level,
204,1,5,6,2,2,200-Level,2 Seat 200-Level,
204,1,9,12,4,4,200-Level,4 Seat 200-Level,
204,1,15,16,2,2,200-Level,2 Seat 200-Level,
204,1,19,22,4,4,200-Level,4 Seat 200-Level,
204,3,1,2,2,2,200-Level,2 Seat 200-Level,
204,3,5,6,2,2,200-Level,2 Seat 200-Level,
204,3,9,12,4,4,200-Level,4 Seat 200-Level,
204,3,15,16,2,2,200-Level,2 Seat 200-Level,
204,3,19,20,2,2,200-Level,2 Seat 200-Level,
204,3,23,25,3,3,200-Level,3 Seat 200-Level,
204,5,1,2,2,2,200-Level,2 Seat 200-Level,
204,5,5,6,2,2,200-Level,2 Seat 200-Level,
204,5,9,12,4,4,200-Level,4 Seat 200-Level,
204,5,15,16,2,2,200-Level,2 Seat 200-Level,
204,5,19,20,2,2,200-Level,2 Seat 200-Level,
204,5,23,24,2,2,200-Level,2 Seat 200-Level,
204,7,1,2,2,2,200-Level,2 Seat 200-Level,
204,7,5,6,2,2,200-Level,2 Seat 200-Level,
204,10,1,2,2,2,200-Level,2 Seat 200-Level,
204,10,5,6,2,2,200-Level,2 Seat 200-Level,
204,10,8,11,4,4,200-Level,4 Seat 200-Level,
204,13,1,2,2,2,200-Level,2 Seat 200-Level,
204,13,5,6,2,2,200-Level,2 Seat 200-Level,
204,13,9,10,2,2,200-Level,2 Seat 200-Level,
204,13,13,14,2,2,200-Level,2 Seat 200-Level,
204,13,17,18,2,2,200-Level,2 Seat 200-Level,
204,13,21,22,2,2,200-Level,2 Seat 200-Level,
204,15,2,5,4,4,200-Level,4 Seat 200-Level,
205,2,2,3,2,2,200-Level,2 Seat 200-Level,
205,4,1,2,2,2,200-Level,2 Seat 200-Level,
205,6,1,2,2,2,200-Level,2 Seat 200-Level,
205,6,5,6,2,2,200-Level,2 Seat 200-Level,
205,8,1,4,4,4,200-Level,4 Seat 200-Level,
205,8,7,8,2,2,200-Level,2 Seat 200-Level,
205,8,11,13,3,3,200-Level,3 Seat 200-Level,
205,10,1,4,4,4,200-Level,4 Seat 200-Level,
205,10,7,8,2,2,200-Level,2 Seat 200-Level,
205,10,11,12,2,2,200-Level,2 Seat 200-Level,
205,10,15,16,2,2,200-Level,2 Seat 200-Level,
205,12,1,3,3,3,200-Level,3 Seat 200-Level,
205,12,6,7,2,2,200-Level,2 Seat 200-Level,
205,12,10,11,2,2,200-Level,2 Seat 200-Level,
205,12,15,16,2,2,200-Level,2 Seat 200-Level,
205,12,19,20,2,2,200-Level,2 Seat 200-Level,
205,14,1,4,4,4,200-Level,4 Seat 200-Level,
205,14,7,8,2,2,200-Level,2 Seat 200-Level,
205,14,11,12,2,2,200-Level,2 Seat 200-Level,
205,14,15,16,2,2,200-Level,2 Seat 200-Level,
205,14,19,20,2,2,200-Level,2 Seat 200-Level,
205,14,23,24,2,2,200-Level,2 Seat 200-Level,
205,16,1,2,2,2,200-Level,2 Seat 200-Level,
205,16,5,6,2,2,200-Level,2 Seat 200-Level,
205,16,9,10,2,2,200-Level,2 Seat 200-Level,
205,16,13,14,2,2,200-Level,2 Seat 200-Level,
205,16,18,19,2,2,200-Level,2 Seat 200-Level,
205,16,22,23,2,2,200-Level,2 Seat 200-Level,
205,16,26,27,2,2,200-Level,2 Seat 200-Level,
205,18,1,3,3,3,200-Level,3 Seat 200-Level,
205,18,6,7,2,2,200-Level,2 Seat 200-Level,
205,18,10,11,2,2,200-Level,2 Seat 200-Level,
205,18,14,15,2,2,200-Level,2 Seat 200-Level,
205,18,19,20,2,2,200-Level,2 Seat 200-Level,
205,18,23,24,2,2,200-Level,2 Seat 200-Level,
205,18,27,28,2,2,200-Level,2 Seat 200-Level,
205,20,1,2,2,2,200-Level,2 Seat 200-Level,
205,20,5,6,2,2,200-Level,2 Seat 200-Level,
205,20,9,10,2,2,200-Level,2 Seat 200-Level,
205,22,1,3,3,3,200-Level,3 Seat 200-Level,
205,22,6,7,2,2,200-Level,2 Seat 200-Level,
205,22,10,11,2,2,200-Level,2 Seat 200-Level,
206,1,1,2,2,2,200-Level,2 Seat 200-Level,
206,1,5,6,2,2,200-Level,2 Seat 200-Level,
206,1,9,10,2,2,200-Level,2 Seat 200-Level,
206,1,13,14,2,2,200-Level,2 Seat 200-Level,
206,1,17,18,2,2,200-Level,2 Seat 200-Level,
206,1,21,22,2,2,200-Level,2 Seat 200-Level,
206,1,25,26,2,2,200-Level,2 Seat 200-Level,
206,3,1,4,4,4,200-Level,4 Seat 200-Level,
206,3,7,8,2,2,200-Level,2 Seat 200-Level,
206,3,11,12,2,2,200-Level,2 Seat 200-Level,
206,3,15,16,2,2,200-Level,2 Seat 200-Level,
206,3,19,20,2,2,200-Level,2 Seat 200-Level,
206,5,1,4,4,4,200-Level,4 Seat 200-Level,
206,5,7,8,2,2,200-Level,2 Seat 200-Level,
206,5,11,12,2,2,200-Level,2 Seat 200-Level,
206,5,15,16,2,2,200-Level,2 Seat 200-Level,
206,5,19,20,2,2,200-Level,2 Seat 200-Level,
206,7,1,4,4,4,200-Level,4 Seat 200-Level,
206,7,7,8,2,2,200-Level,2 Seat 200-Level,
206,7,11,12,2,2,200-Level,2 Seat 200-Level,
206,7,15,16,2,2,200-Level,2 Seat 200-Level,
206,7,19,20,2,2,200-Level,2 Seat 200-Level,
206,9,1,2,2,2,200-Level,2 Seat 200-Level,
206,9,5,6,2,2,200-Level,2 Seat 200-Level,
206,9,9,12,4,4,200-Level,4 Seat 200-Level,
206,9,15,16,2,2,200-Level,2 Seat 200-Level,
206,9,19,20,2,2,200-Level,2 Seat 200-Level,
206,9,23,26,4,4,200-Level,4 Seat 200-Level,
206,11,1,2,2,2,200-Level,2 Seat 200-Level,
206,11,5,6,2,2,200-Level,2 Seat 200-Level,
206,11,9,12,4,4,200-Level,4 Seat 200-Level,
206,11,15,16,2,2,200-Level,2 Seat 200-Level,
206,11,19,20,2,2,200-Level,2 Seat 200-Level,
206,11,23,26,4,4,200-Level,4 Seat 200-Level,
206,13,1,2,2,2,200-Level,2 Seat 200-Level,
206,13,5,6,2,2,200-Level,2 Seat 200-Level,
206,13,9,12,4,4,200-Level,4 Seat 200-Level,
206,13,15,16,2,2,200-Level,2 Seat 200-Level,
206,13,19,20,2,2,200-Level,2 Seat 200-Level,
206,13,23,26,4,4,200-Level,4 Seat 200-Level,
206,15,1,2,2,2,200-Level,2 Seat 200-Level,
206,15,5,6,2,2,200-Level,2 Seat 200-Level,
206,15,9,12,4,4,200-Level,4 Seat 200-Level,
206,15,15,16,2,2,200-Level,2 Seat 200-Level,
206,15,19,20,2,2,200-Level,2 Seat 200-Level,
206,15,23,26,4,4,200-Level,4 Seat 200-Level,
206,17,1,2,2,2,200-Level,2 Seat 200-Level,
206,17,5,6,2,2,200-Level,2 Seat 200-Level,
206,17,9,12,4,4,200-Level,4 Seat 200-Level,
206,17,15,16,2,2,200-Level,2 Seat 200-Level,
206,17,19,20,2,2,200-Level,2 Seat 200-Level,
206,17,23,26,4,4,200-Level,4 Seat 200-Level,
206,19,1,2,2,2,200-Level,2 Seat 200-Level,
206,19,5,6,2,2,200-Level,2 Seat 200-Level,
206,19,9,12,4,4,200-Level,4 Seat 200-Level,
206,19,15,16,2,2,200-Level,2 Seat 200-Level,
206,19,19,20,2,2,200-Level,2 Seat 200-Level,
206,19,23,26,4,4,200-Level,4 Seat 200-Level,
206,21,1,2,2,2,200-Level,2 Seat 200-Level,
206,21,5,6,2,2,200-Level,2 Seat 200-Level,
206,21,9,12,4,4,200-Level,4 Seat 200-Level,
206,21,15,16,2,2,200-Level,2 Seat 200-Level,
206,21,19,20,2,2,200-Level,2 Seat 200-Level,
206,21,23,26,4,4,200-Level,4 Seat 200-Level,
207,1,1,2,2,2,200-Level,2 Seat 200-Level,
207,1,5,6,2,2,200-Level,2 Seat 200-Level,
207,1,21,22,2,2,200-Level,2 Seat 200-Level,
207,1,25,26,2,2,200-Level,2 Seat 200-Level,
207,5,1,2,2,2,200-Level,2 Seat 200-Level,
207,5,5,8,4,4,200-Level,4 Seat 200-Level,
207,5,9,12,4,4,200-Level,4 Seat 200-Level,
207,7,1,2,2,2,200-Level,2 Seat 200-Level,
207,7,5,6,2,2,200-Level,2 Seat 200-Level,
207,7,9,10,2,2,200-Level,2 Seat 200-Level,
207,7,13,14,2,2,200-Level,2 Seat 200-Level,
207,7,17,20,4,4,200-Level,4 Seat 200-Level,
207,9,1,2,2,2,200-Level,2 Seat 200-Level,
207,9,5,8,4,4,200-Level,4 Seat 200-Level,
207,9,11,12,2,2,200-Level,2 Seat 200-Level,
207,9,15,16,2,2,200-Level,2 Seat 200-Level,
207,9,19,20,2,2,200-Level,2 Seat 200-Level,
207,9,23,26,4,4,200-Level,4 Seat 200-Level,
207,11,1,2,2,2,200-Level,2 Seat 200-Level,
207,11,5,8,4,4,200-Level,4 Seat 200-Level,
207,11,11,12,2,2,200-Level,2 Seat 200-Level,
207,11,15,16,2,2,200-Level,2 Seat 200-Level,
207,11,19,20,2,2,200-Level,2 Seat 200-Level,
207,11,23,26,4,4,200-Level,4 Seat 200-Level,
207,13,1,2,2,2,200-Level,2 Seat 200-Level,
207,13,5,8,4,4,200-Level,4 Seat 200-Level,
207,13,11,12,2,2,200-Level,2 Seat 200-Level,
207,13,15,16,2,2,200-Level,2 Seat 200-Level,
207,13,19,20,2,2,200-Level,2 Seat 200-Level,
207,13,23,26,4,4,200-Level,4 Seat 200-Level,
207,15,1,2,2,2,200-Level,2 Seat 200-Level,
207,15,5,8,4,4,200-Level,4 Seat 200-Level,
207,15,11,12,2,2,200-Level,2 Seat 200-Level,
207,15,15,16,2,2,200-Level,2 Seat 200-Level,
207,15,19,20,2,2,200-Level,2 Seat 200-Level,
207,15,23,26,4,4,200-Level,4 Seat 200-Level,
207,17,1,2,2,2,200-Level,2 Seat 200-Level,
207,17,5,8,4,4,200-Level,4 Seat 200-Level,
207,17,11,12,2,2,200-Level,2 Seat 200-Level,
207,17,15,16,2,2,200-Level,2 Seat 200-Level,
207,17,19,20,2,2,200-Level,2 Seat 200-Level,
207,17,23,26,4,4,200-Level,4 Seat 200-Level,
207,19,1,2,2,2,200-Level,2 Seat 200-Level,
207,19,5,8,4,4,200-Level,4 Seat 200-Level,
207,19,11,12,2,2,200-Level,2 Seat 200-Level,
207,19,15,16,2,2,200-Level,2 Seat 200-Level,
207,19,19,20,2,2,200-Level,2 Seat 200-Level,
207,19,23,26,4,4,200-Level,4 Seat 200-Level,
207,21,1,2,2,2,200-Level,2 Seat 200-Level,
207,21,5,8,4,4,200-Level,4 Seat 200-Level,
207,21,11,12,2,2,200-Level,2 Seat 200-Level,
207,21,15,16,2,2,200-Level,2 Seat 200-Level,
207,21,19,20,2,2,200-Level,2 Seat 200-Level,
207,21,23,26,4,4,200-Level,4 Seat 200-Level,
209,1,10,11,2,2,200-Level,2 Seat 200-Level,
209,1,14,15,2,2,200-Level,2 Seat 200-Level,
209,1,25,26,2,2,200-Level,2 Seat 200-Level,
209,5,6,9,4,4,200-Level,4 Seat 200-Level,
209,5,12,13,2,2,200-Level,2 Seat 200-Level,
209,7,1,2,2,2,200-Level,2 Seat 200-Level,
209,7,5,6,2,2,200-Level,2 Seat 200-Level,
209,7,9,10,2,2,200-Level,2 Seat 200-Level,
209,7,13,16,4,4,200-Level,4 Seat 200-Level,
209,7,19,20,2,2,200-Level,2 Seat 200-Level,
209,9,1,2,2,2,200-Level,2 Seat 200-Level,
209,9,5,8,4,4,200-Level,4 Seat 200-Level,
209,9,11,12,2,2,200-Level,2 Seat 200-Level,
209,9,15,18,4,4,200-Level,4 Seat 200-Level,
209,9,21,22,2,2,200-Level,2 Seat 200-Level,
209,9,25,26,2,2,200-Level,2 Seat 200-Level,
209,11,1,2,2,2,200-Level,2 Seat 200-Level,
209,11,5,8,4,4,200-Level,4 Seat 200-Level,
209,11,11,12,2,2,200-Level,2 Seat 200-Level,
209,11,15,18,4,4,200-Level,4 Seat 200-Level,
209,11,21,22,2,2,200-Level,2 Seat 200-Level,
209,11,25,26,2,2,200-Level,2 Seat 200-Level,
209,13,1,2,2,2,200-Level,2 Seat 200-Level,
209,13,5,8,4,4,200-Level,4 Seat 200-Level,
209,13,11,12,2,2,200-Level,2 Seat 200-Level,
209,13,15,18,4,4,200-Level,4 Seat 200-Level,
209,13,21,22,2,2,200-Level,2 Seat 200-Level,
209,13,25,26,2,2,200-Level,2 Seat 200-Level,
209,15,1,2,2,2,200-Level,2 Seat 200-Level,
209,15,5,8,4,4,200-Level,4 Seat 200-Level,
209,15,11,12,2,2,200-Level,2 Seat 200-Level,
209,15,15,18,4,4,200-Level,4 Seat 200-Level,
209,15,21,22,2,2,200-Level,2 Seat 200-Level,
209,15,25,26,2,2,200-Level,2 Seat 200-Level,
209,17,1,2,2,2,200-Level,2 Seat 200-Level,
209,17,5,8,4,4,200-Level,4 Seat 200-Level,
209,17,11,12,2,2,200-Level,2 Seat 200-Level,
209,17,15,18,4,4,200-Level,4 Seat 200-Level,
209,17,21,22,2,2,200-Level,2 Seat 200-Level,
209,17,25,26,2,2,200-Level,2 Seat 200-Level,
209,19,1,2,2,2,200-Level,2 Seat 200-Level,
209,19,5,8,4,4,200-Level,4 Seat 200-Level,
209,19,11,12,2,2,200-Level,2 Seat 200-Level,
209,19,15,18,4,4,200-Level,4 Seat 200-Level,
209,19,21,22,2,2,200-Level,2 Seat 200-Level,
209,19,25,26,2,2,200-Level,2 Seat 200-Level,
209,21,1,2,2,2,200-Level,2 Seat 200-Level,
209,21,5,8,4,4,200-Level,4 Seat 200-Level,
209,21,11,12,2,2,200-Level,2 Seat 200-Level,
209,21,15,18,4,4,200-Level,4 Seat 200-Level,
209,21,21,22,2,2,200-Level,2 Seat 200-Level,
209,21,25,26,2,2,200-Level,2 Seat 200-Level,
210,1,1,2,2,2,200-Level,2 Seat 200-Level,
210,1,5,6,2,2,200-Level,2 Seat 200-Level,
210,1,9,10,2,2,200-Level,2 Seat 200-Level,
210,1,13,14,2,2,200-Level,2 Seat 200-Level,
210,1,17,18,2,2,200-Level,2 Seat 200-Level,
210,1,21,22,2,2,200-Level,2 Seat 200-Level,
210,1,25,26,2,2,200-Level,2 Seat 200-Level,
210,3,1,2,2,2,200-Level,2 Seat 200-Level,
210,3,5,6,2,2,200-Level,2 Seat 200-Level,
210,3,9,10,2,2,200-Level,2 Seat 200-Level,
210,3,13,14,2,2,200-Level,2 Seat 200-Level,
210,3,17,20,4,4,200-Level,4 Seat 200-Level,
210,5,1,2,2,2,200-Level,2 Seat 200-Level,
210,5,5,6,2,2,200-Level,2 Seat 200-Level,
210,5,9,10,2,2,200-Level,2 Seat 200-Level,
210,5,13,14,2,2,200-Level,2 Seat 200-Level,
210,5,17,20,4,4,200-Level,4 Seat 200-Level,
210,7,1,2,2,2,200-Level,2 Seat 200-Level,
210,7,5,6,2,2,200-Level,2 Seat 200-Level,
210,7,9,10,2,2,200-Level,2 Seat 200-Level,
210,7,13,14,2,2,200-Level,2 Seat 200-Level,
210,7,17,20,4,4,200-Level,4 Seat 200-Level,
210,9,1,4,4,4,200-Level,4 Seat 200-Level,
210,9,7,8,2,2,200-Level,2 Seat 200-Level,
210,9,11,12,2,2,200-Level,2 Seat 200-Level,
210,9,15,16,2,2,200-Level,2 Seat 200-Level,
210,9,19,22,4,4,200-Level,4 Seat 200-Level,
210,9,25,26,2,2,200-Level,2 Seat 200-Level,
210,11,1,4,4,4,200-Level,4 Seat 200-Level,
210,11,7,8,2,2,200-Level,2 Seat 200-Level,
210,11,11,12,2,2,200-Level,2 Seat 200-Level,
210,11,15,16,2,2,200-Level,2 Seat 200-Level,
210,11,19,22,4,4,200-Level,4 Seat 200-Level,
210,11,25,26,2,2,200-Level,2 Seat 200-Level,
210,13,1,4,4,4,200-Level,4 Seat 200-Level,
210,13,7,8,2,2,200-Level,2 Seat 200-Level,
210,13,11,12,2,2,200-Level,2 Seat 200-Level,
210,13,15,16,2,2,200-Level,2 Seat 200-Level,
210,13,19,22,4,4,200-Level,4 Seat 200-Level,
210,13,25,26,2,2,200-Level,2 Seat 200-Level,
210,15,1,4,4,4,200-Level,4 Seat 200-Level,
210,15,7,8,2,2,200-Level,2 Seat 200-Level,
210,15,11,12,2,2,200-Level,2 Seat 200-Level,
210,15,15,16,2,2,200-Level,2 Seat 200-Level,
210,15,19,22,4,4,200-Level,4 Seat 200-Level,
210,15,25,26,2,2,200-Level,2 Seat 200-Level,
210,17,1,4,4,4,200-Level,4 Seat 200-Level,
210,17,7,8,2,2,200-Level,2 Seat 200-Level,
210,17,11,12,2,2,200-Level,2 Seat 200-Level,
210,17,15,16,2,2,200-Level,2 Seat 200-Level,
210,17,19,22,4,4,200-Level,4 Seat 200-Level,
210,17,25,26,2,2,200-Level,2 Seat 200-Level,
210,19,1,4,4,4,200-Level,4 Seat 200-Level,
210,19,7,8,2,2,200-Level,2 Seat 200-Level,
210,19,11,12,2,2,200-Level,2 Seat 200-Level,
210,19,15,16,2,2,200-Level,2 Seat 200-Level,
210,19,19,22,4,4,200-Level,4 Seat 200-Level,
210,19,25,26,2,2,200-Level,2 Seat 200-Level,
210,21,1,4,4,4,200-Level,4 Seat 200-Level,
210,21,7,8,2,2,200-Level,2 Seat 200-Level,
210,21,11,12,2,2,200-Level,2 Seat 200-Level,
210,21,15,16,2,2,200-Level,2 Seat 200-Level,
210,21,19,22,4,4,200-Level,4 Seat 200-Level,
211,2,1,2,2,2,200-Level,2 Seat 200-Level,
211,4,1,2,2,2,200-Level,2 Seat 200-Level,
211,6,3,6,4,4,200-Level,4 Seat 200-Level,
211,8,1,3,3,3,200-Level,3 Seat 200-Level,
211,8,7,8,2,2,200-Level,2 Seat 200-Level,
211,8,11,12,2,2,200-Level,2 Seat 200-Level,
211,10,1,2,2,2,200-Level,2 Seat 200-Level,
211,10,5,6,2,2,200-Level,2 Seat 200-Level,
211,10,10,11,2,2,200-Level,2 Seat 200-Level,
211,10,14,16,3,3,200-Level,3 Seat 200-Level,
211,12,1,2,2,2,200-Level,2 Seat 200-Level,
211,12,5,6,2,2,200-Level,2 Seat 200-Level,
211,12,10,11,2,2,200-Level,2 Seat 200-Level,
211,12,14,15,2,2,200-Level,2 Seat 200-Level,
211,12,18,20,3,3,200-Level,3 Seat 200-Level,
211,14,1,4,4,4,200-Level,4 Seat 200-Level,
211,14,7,8,2,2,200-Level,2 Seat 200-Level,
211,14,12,13,2,2,200-Level,2 Seat 200-Level,
211,14,16,18,3,3,200-Level,3 Seat 200-Level,
211,14,21,24,4,4,200-Level,4 Seat 200-Level,
211,16,1,2,2,2,200-Level,2 Seat 200-Level,
211,16,5,6,2,2,200-Level,2 Seat 200-Level,
211,16,9,10,2,2,200-Level,2 Seat 200-Level,
211,16,13,14,2,2,200-Level,2 Seat 200-Level,
211,16,17,18,2,2,200-Level,2 Seat 200-Level,
211,16,21,22,2,2,200-Level,2 Seat 200-Level,
211,16,25,26,2,2,200-Level,2 Seat 200-Level,
211,18,1,4,4,4,200-Level,4 Seat 200-Level,
211,18,7,8,2,2,200-Level,2 Seat 200-Level,
211,18,11,12,2,2,200-Level,2 Seat 200-Level,
211,18,15,16,2,2,200-Level,2 Seat 200-Level,
211,18,19,20,2,2,200-Level,2 Seat 200-Level,
211,18,23,24,2,2,200-Level,2 Seat 200-Level,
211,18,27,28,2,2,200-Level,2 Seat 200-Level,
211,20,1,4,4,4,200-Level,4 Seat 200-Level,
211,20,7,8,2,2,200-Level,2 Seat 200-Level,
212,10,1,4,4,4,200-Level,4 Seat 200-Level,
212,10,6,7,2,2,200-Level,2 Seat 200-Level,
212,10,10,11,2,2,200-Level,2 Seat 200-Level,
212,13,1,2,2,2,200-Level,2 Seat 200-Level,
212,13,5,7,3,3,200-Level,3 Seat 200-Level,
212,13,10,11,2,2,200-Level,2 Seat 200-Level,
212,13,14,15,2,2,200-Level,2 Seat 200-Level,
212,13,18,19,2,2,200-Level,2 Seat 200-Level,
212,13,22,23,2,2,200-Level,2 Seat 200-Level,
212,15,1,4,4,4,200-Level,4 Seat 200-Level,
213,1,1,2,2,2,200-Level,2 Seat 200-Level,
213,1,5,8,4,4,200-Level,4 Seat 200-Level,
213,1,11,12,2,2,200-Level,2 Seat 200-Level,
213,1,15,16,2,2,200-Level,2 Seat 200-Level,
213,1,19,20,2,2,200-Level,2 Seat 200-Level,
213,3,1,2,2,2,200-Level,2 Seat 200-Level,
213,3,5,8,4,4,200-Level,4 Seat 200-Level,
213,3,11,12,2,2,200-Level,2 Seat 200-Level,
213,3,15,16,2,2,200-Level,2 Seat 200-Level,
213,3,19,20,2,2,200-Level,2 Seat 200-Level,
213,5,1,2,2,2,200-Level,2 Seat 200-Level,
213,5,5,8,4,4,200-Level,4 Seat 200-Level,
213,5,11,12,2,2,200-Level,2 Seat 200-Level,
213,5,15,16,2,2,200-Level,2 Seat 200-Level,
213,5,19,20,2,2,200-Level,2 Seat 200-Level,
213,7,1,2,2,2,200-Level,2 Seat 200-Level,
213,7,3,4,2,2,200-Level,2 Seat 200-Level,
213,10,1,4,4,4,200-Level,4 Seat 200-Level,
213,10,6,7,2,2,200-Level,2 Seat 200-Level,
213,10,10,11,2,2,200-Level,2 Seat 200-Level,
213,13,3,4,2,2,200-Level,2 Seat 200-Level,
213,13,7,8,2,2,200-Level,2 Seat 200-Level,
213,13,11,12,2,2,200-Level,2 Seat 200-Level,
213,13,15,16,2,2,200-Level,2 Seat 200-Level,
213,13,19,21,3,3,200-Level,3 Seat 200-Level,
214,1,1,2,2,2,200-Level,2 Seat 200-Level,
214,1,5,6,2,2,200-Level,2 Seat 200-Level,
214,1,9,10,2,2,200-Level,2 Seat 200-Level,
214,3,1,2,2,2,200-Level,2 Seat 200-Level,
214,3,6,7,2,2,200-Level,2 Seat 200-Level,
214,3,10,13,4,4,200-Level,4 Seat 200-Level,
214,5,1,3,3,3,200-Level,3 Seat 200-Level,
214,5,7,8,2,2,200-Level,2 Seat 200-Level,
214,5,11,12,2,2,200-Level,2 Seat 200-Level,
214,5,15,16,2,2,200-Level,2 Seat 200-Level,
214,7,1,2,2,2,200-Level,2 Seat 200-Level,
214,7,5,6,2,2,200-Level,2 Seat 200-Level,
214,7,10,11,2,2,200-Level,2 Seat 200-Level,
214,7,14,15,2,2,200-Level,2 Seat 200-Level,
214,7,18,19,2,2,200-Level,2 Seat 200-Level,
214,9,1,3,3,3,200-Level,3 Seat 200-Level,
214,9,7,8,2,2,200-Level,2 Seat 200-Level,
214,9,11,12,2,2,200-Level,2 Seat 200-Level,
214,9,15,16,2,2,200-Level,2 Seat 200-Level,
214,11,1,2,2,2,200-Level,2 Seat 200-Level,
214,11,5,6,2,2,200-Level,2 Seat 200-Level,
214,11,9,10,2,2,200-Level,2 Seat 200-Level,
214,11,13,14,2,2,200-Level,2 Seat 200-Level,
214,11,17,18,2,2,200-Level,2 Seat 200-Level,
214,13,1,2,2,2,200-Level,2 Seat 200-Level,
214,13,5,6,2,2,200-Level,2 Seat 200-Level,
214,13,9,10,2,2,200-Level,2 Seat 200-Level,
214,13,14,15,2,2,200-Level,2 Seat 200-Level,
214,13,18,19,2,2,200-Level,2 Seat 200-Level,
214,13,22,23,2,2,200-Level,2 Seat 200-Level,
214,13,26,28,3,3,200-Level,3 Seat 200-Level,
215,1,1,2,2,2,200-Level,2 Seat 200-Level,
215,1,5,8,4,4,200-Level,4 Seat 200-Level,
215,1,11,12,2,2,200-Level,2 Seat 200-Level,
215,1,15,16,2,2,200-Level,2 Seat 200-Level,
215,1,19,20,2,2,200-Level,2 Seat 200-Level,
215,1,23,26,4,4,200-Level,4 Seat 200-Level,
215,3,1,2,2,2,200-Level,2 Seat 200-Level,
215,3,5,8,4,4,200-Level,4 Seat 200-Level,
215,3,11,12,2,2,200-Level,2 Seat 200-Level,
215,3,15,16,2,2,200-Level,2 Seat 200-Level,
215,3,19,20,2,2,200-Level,2 Seat 200-Level,
215,3,23,26,4,4,200-Level,4 Seat 200-Level,
215,5,1,2,2,2,200-Level,2 Seat 200-Level,
215,5,5,8,4,4,200-Level,4 Seat 200-Level,
215,5,11,12,2,2,200-Level,2 Seat 200-Level,
215,5,15,16,2,2,200-Level,2 Seat 200-Level,
215,5,19,20,2,2,200-Level,2 Seat 200-Level,
215,5,23,26,4,4,200-Level,4 Seat 200-Level,
215,7,1,2,2,2,200-Level,2 Seat 200-Level,
215,7,5,8,4,4,200-Level,4 Seat 200-Level,
215,9,1,4,4,4,200-Level,4 Seat 200-Level,
215,9,7,8,2,2,200-Level,2 Seat 200-Level - Limited View,Limited View
215,11,1,4,4,4,200-Level,4 Seat 200-Level,
215,11,7,8,2,2,200-Level,2 Seat 200-Level - Limited View,Limited View
215,13,3,4,2,2,200-Level,2 Seat 200-Level,
215,13,7,8,2,2,200-Level,2 Seat 200-Level,
217,1,1,4,4,4,200-Level,4 Seat 200-Level,
217,1,7,8,2,2,200-Level,2 Seat 200-Level,
217,1,11,12,2,2,200-Level,2 Seat 200-Level,
217,1,15,16,2,2,200-Level,2 Seat 200-Level,
217,1,19,22,4,4,200-Level,4 Seat 200-Level,
217,1,25,26,2,2,200-Level,2 Seat 200-Level,
217,3,1,4,4,4,200-Level,4 Seat 200-Level,
217,3,7,8,2,2,200-Level,2 Seat 200-Level,
217,3,11,12,2,2,200-Level,2 Seat 200-Level,
217,3,15,16,2,2,200-Level,2 Seat 200-Level,
217,3,19,22,4,4,200-Level,4 Seat 200-Level,
217,3,25,26,2,2,200-Level,2 Seat 200-Level,
217,5,1,4,4,4,200-Level,4 Seat 200-Level,
217,5,7,8,2,2,200-Level,2 Seat 200-Level,
217,5,11,12,2,2,200-Level,2 Seat 200-Level,
217,5,15,16,2,2,200-Level,2 Seat 200-Level,
217,5,19,22,4,4,200-Level,4 Seat 200-Level,
217,5,25,26,2,2,200-Level,2 Seat 200-Level,
217,7,1,4,4,4,200-Level,4 Seat 200-Level,
217,7,7,8,2,2,200-Level,2 Seat 200-Level,
217,9,1,2,2,2,200-Level,2 Seat 200-Level - Limited View,Limited View
217,9,5,8,4,4,200-Level,4 Seat 200-Level,
217,11,1,2,2,2,200-Level,2 Seat 200-Level - Limited View,Limited View
217,11,5,8,4,4,200-Level,4 Seat 200-Level,
217,13,1,2,2,2,200-Level,2 Seat 200-Level - Limited View,Limited View
217,13,5,6,2,2,200-Level,2 Seat 200-Level,
217,13,9,11,3,3,200-Level,3 Seat 200-Level,
218,1,1,2,2,2,200-Level,2 Seat 200-Level,
218,1,5,6,2,2,200-Level,2 Seat 200-Level,
218,1,9,10,2,2,200-Level,2 Seat 200-Level,
218,3,1,2,2,2,200-Level,2 Seat 200-Level,
218,3,5,7,3,3,200-Level,3 Seat 200-Level,
218,3,10,13,4,4,200-Level,4 Seat 200-Level,
218,5,1,2,2,2,200-Level,2 Seat 200-Level,
218,5,5,8,4,4,200-Level,4 Seat 200-Level,
218,5,11,12,2,2,200-Level,2 Seat 200-Level,
218,5,15,16,2,2,200-Level,2 Seat 200-Level,
218,7,1,2,2,2,200-Level,2 Seat 200-Level,
218,7,5,6,2,2,200-Level,2 Seat 200-Level,
218,7,9,11,3,3,200-Level,3 Seat 200-Level,
218,7,14,15,2,2,200-Level,2 Seat 200-Level,
218,7,18,19,2,2,200-Level,2 Seat 200-Level,
218,9,1,3,3,3,200-Level,3 Seat 200-Level,
218,9,6,9,4,4,200-Level,4 Seat 200-Level,
218,9,13,16,4,4,200-Level,4 Seat 200-Level,
218,11,1,3,3,3,200-Level,3 Seat 200-Level,
218,11,6,9,4,4,200-Level,4 Seat 200-Level,
218,11,13,14,2,2,200-Level,2 Seat 200-Level,
218,11,17,18,2,2,200-Level,2 Seat 200-Level,
218,13,1,2,2,2,200-Level,2 Seat 200-Level,
218,13,5,6,2,2,200-Level,2 Seat 200-Level,
218,13,9,10,2,2,200-Level,2 Seat 200-Level,
218,13,13,14,2,2,200-Level,2 Seat 200-Level,
218,13,18,19,2,2,200-Level,2 Seat 200-Level,
218,13,22,23,2,2,200-Level,2 Seat 200-Level,
218,13,26,27,2,2,200-Level,2 Seat 200-Level,
219,1,1,2,2,2,200-Level,2 Seat 200-Level,
219,1,5,6,2,2,200-Level,2 Seat 200-Level,
219,1,9,10,2,2,200-Level,2 Seat 200-Level,
219,1,13,16,4,4,200-Level,4 Seat 200-Level,
219,1,19,20,2,2,200-Level,2 Seat 200-Level,
219,3,1,2,2,2,200-Level,2 Seat 200-Level,
219,3,5,6,2,2,200-Level,2 Seat 200-Level,
219,3,9,10,2,2,200-Level,2 Seat 200-Level,
219,3,13,16,4,4,200-Level,4 Seat 200-Level,
219,3,19,20,2,2,200-Level,2 Seat 200-Level,
219,5,1,2,2,2,200-Level,2 Seat 200-Level,
219,5,5,6,2,2,200-Level,2 Seat 200-Level,
219,5,9,10,2,2,200-Level,2 Seat 200-Level,
219,5,13,16,4,4,200-Level,4 Seat 200-Level,
219,5,19,20,2,2,200-Level,2 Seat 200-Level,
219,7,1,2,2,2,200-Level,2 Seat 200-Level,
219,7,3,4,2,2,200-Level,2 Seat 200-Level,
219,10,1,2,2,2,200-Level,2 Seat 200-Level,
219,10,5,6,2,2,200-Level,2 Seat 200-Level,
219,10,7,10,4,4,200-Level,4 Seat 200-Level,
219,13,1,2,2,2,200-Level,2 Seat 200-Level,
219,13,5,6,2,2,200-Level,2 Seat 200-Level,
219,13,9,10,2,2,200-Level,2 Seat 200-Level,
219,13,13,14,2,2,200-Level,2 Seat 200-Level,
219,13,17,18,2,2,200-Level,2 Seat 200-Level,
219,13,21,22,2,2,200-Level,2 Seat 200-Level,
220,1,1,2,2,2,200-Level,2 Seat 200-Level,
220,1,5,6,2,2,200-Level,2 Seat 200-Level,
220,1,9,10,2,2,200-Level,2 Seat 200-Level,
220,1,13,14,2,2,200-Level,2 Seat 200-Level,
220,1,17,18,2,2,200-Level,2 Seat 200-Level,
220,1,21,22,2,2,200-Level,2 Seat 200-Level,
220,3,1,2,2,2,200-Level,2 Seat 200-Level,
220,3,5,6,2,2,200-Level,2 Seat 200-Level,
220,3,9,10,2,2,200-Level,2 Seat 200-Level,
220,3,13,14,2,2,200-Level,2 Seat 200-Level,
220,3,17,19,3,3,200-Level,3 Seat 200-Level,
220,3,22,25,4,4,200-Level,4 Seat 200-Level,
220,5,1,2,2,2,200-Level,2 Seat 200-Level,
220,5,5,6,2,2,200-Level,2 Seat 200-Level,
220,5,9,10,2,2,200-Level,2 Seat 200-Level,
220,5,13,14,2,2,200-Level,2 Seat 200-Level,
220,5,17,18,2,2,200-Level,2 Seat 200-Level,
220,5,21,24,4,4,200-Level,4 Seat 200-Level,
220,7,1,2,2,2,200-Level,2 Seat 200-Level,
220,7,3,6,4,4,200-Level,4 Seat 200-Level,
220,10,1,2,2,2,200-Level,2 Seat 200-Level,
220,10,5,6,2,2,200-Level,2 Seat 200-Level,
220,10,7,10,4,4,200-Level,4 Seat 200-Level,
220,13,3,4,2,2,200-Level,2 Seat 200-Level,
220,13,7,8,2,2,200-Level,2 Seat 200-Level,
220,13,11,12,2,2,200-Level,2 Seat 200-Level,
220,13,15,16,2,2,200-Level,2 Seat 200-Level,
220,13,19,21,3,3,200-Level,3 Seat 200-Level,
220,15,2,5,4,4,200-Level,4 Seat 200-Level,
221,2,1,3,3,3,200-Level,3 Seat 200-Level,
221,5,1,4,4,4,200-Level,4 Seat 200-Level,
221,7,1,3,3,3,200-Level,3 Seat 200-Level,
221,7,6,7,2,2,200-Level,2 Seat 200-Level,
221,9,1,2,2,2,200-Level,2 Seat 200-Level,
221,9,5,6,2,2,200-Level,2 Seat 200-Level,
221,9,10,11,2,2,200-Level,2 Seat 200-Level,
221,9,14,15,2,2,200-Level,2 Seat 200-Level,
221,11,1,4,4,4,200-Level,4 Seat 200-Level,
221,11,7,8,2,2,200-Level,2 Seat 200-Level,
221,11,12,14,3,3,200-Level,3 Seat 200-Level,
221,11,17,18,2,2,200-Level,2 Seat 200-Level,
221,13,1,4,4,4,200-Level,4 Seat 200-Level,
221,13,7,9,3,3,200-Level,3 Seat 200-Level,
221,13,12,13,2,2,200-Level,2 Seat 200-Level,
221,13,16,17,2,2,200-Level,2 Seat 200-Level,
221,13,20,21,2,2,200-Level,2 Seat 200-Level,
221,15,1,4,4,4,200-Level,4 Seat 200-Level,
221,15,7,9,3,3,200-Level,3 Seat 200-Level,
221,15,12,13,2,2,200-Level,2 Seat 200-Level,
221,15,17,18,2,2,200-Level,2 Seat 200-Level,
221,15,21,22,2,2,200-Level,2 Seat 200-Level,
221,15,25,26,2,2,200-Level,2 Seat 200-Level,
221,17,1,4,4,4,200-Level,4 Seat 200-Level,
221,17,7,9,3,3,200-Level,3 Seat 200-Level,
221,17,12,13,2,2,200-Level,2 Seat 200-Level,
221,17,16,17,2,2,200-Level,2 Seat 200-Level,
221,17,20,21,2,2,200-Level,2 Seat 200-Level,
221,17,24,25,2,2,200-Level,2 Seat 200-Level,
221,19,1,4,4,4,200-Level,4 Seat 200-Level,
221,19,7,8,2,2,200-Level,2 Seat 200-Level,
221,21,1,4,4,4,200-Level,4 Seat 200-Level,
221,21,7,8,2,2,200-Level,2 Seat 200-Level,
222,1,1,2,2,2,200-Level,2 Seat 200-Level,
222,1,5,6,2,2,200-Level,2 Seat 200-Level,
222,1,9,12,4,4,200-Level,4 Seat 200-Level,
222,1,15,16,2,2,200-Level,2 Seat 200-Level,
222,1,19,22,4,4,200-Level,4 Seat 200-Level,
222,1,25,26,2,2,200-Level,2 Seat 200-Level,
222,3,1,4,4,4,200-Level,4 Seat 200-Level,
222,3,7,8,2,2,200-Level,2 Seat 200-Level,
222,3,11,12,2,2,200-Level,2 Seat 200-Level,
222,3,15,16,2,2,200-Level,2 Seat 200-Level,
222,3,19,20,2,2,200-Level,2 Seat 200-Level,
222,5,1,4,4,4,200-Level,4 Seat 200-Level,
222,5,7,8,2,2,200-Level,2 Seat 200-Level,
222,5,11,12,2,2,200-Level,2 Seat 200-Level,
222,5,15,16,2,2,200-Level,2 Seat 200-Level,
222,5,19,20,2,2,200-Level,2 Seat 200-Level,
222,7,1,4,4,4,200-Level,4 Seat 200-Level,
222,7,7,8,2,2,200-Level,2 Seat 200-Level,
222,7,11,12,2,2,200-Level,2 Seat 200-Level,
222,7,15,16,2,2,200-Level,2 Seat 200-Level,
222,7,19,20,2,2,200-Level,2 Seat 200-Level,
222,9,1,2,2,2,200-Level,2 Seat 200-Level,
222,9,5,6,2,2,200-Level,2 Seat 200-Level,
222,9,9,12,4,4,200-Level,4 Seat 200-Level,
222,9,15,16,2,2,200-Level,2 Seat 200-Level,
222,9,19,22,4,4,200-Level,4 Seat 200-Level,
222,9,25,26,2,2,200-Level,2 Seat 200-Level,
222,11,1,2,2,2,200-Level,2 Seat 200-Level,
222,11,5,6,2,2,200-Level,2 Seat 200-Level,
222,11,9,12,4,4,200-Level,4 Seat 200-Level,
222,11,15,16,2,2,200-Level,2 Seat 200-Level,
222,11,19,22,4,4,200-Level,4 Seat 200-Level,
222,11,25,26,2,2,200-Level,2 Seat 200-Level,
222,13,1,2,2,2,200-Level,2 Seat 200-Level,
222,13,5,6,2,2,200-Level,2 Seat 200-Level,
222,13,9,12,4,4,200-Level,4 Seat 200-Level,
222,13,15,16,2,2,200-Level,2 Seat 200-Level,
222,13,19,22,4,4,200-Level,4 Seat 200-Level,
222,13,25,26,2,2,200-Level,2 Seat 200-Level,
222,15,1,2,2,2,200-Level,2 Seat 200-Level,
222,15,5,6,2,2,200-Level,2 Seat 200-Level,
222,15,9,12,4,4,200-Level,4 Seat 200-Level,
222,15,15,16,2,2,200-Level,2 Seat 200-Level,
222,15,19,22,4,4,200-Level,4 Seat 200-Level,
222,15,25,26,2,2,200-Level,2 Seat 200-Level,
222,17,1,2,2,2,200-Level,2 Seat 200-Level,
222,17,5,6,2,2,200-Level,2 Seat 200-Level,
222,17,9,12,4,4,200-Level,4 Seat 200-Level,
222,17,15,16,2,2,200-Level,2 Seat 200-Level,
222,17,19,22,4,4,200-Level,4 Seat 200-Level,
222,17,25,26,2,2,200-Level,2 Seat 200-Level,
222,19,1,2,2,2,200-Level,2 Seat 200-Level,
222,19,5,6,2,2,200-Level,2 Seat 200-Level,
222,19,9,12,4,4,200-Level,4 Seat 200-Level,
222,19,15,16,2,2,200-Level,2 Seat 200-Level,
222,19,19,22,4,4,200-Level,4 Seat 200-Level,
222,19,25,26,2,2,200-Level,2 Seat 200-Level,
222,21,1,2,2,2,200-Level,2 Seat 200-Level,
222,21,5,6,2,2,200-Level,2 Seat 200-Level,
222,21,9,12,4,4,200-Level,4 Seat 200-Level,
222,21,15,16,2,2,200-Level,2 Seat 200-Level,
222,21,19,22,4,4,200-Level,4 Seat 200-Level,
222,21,25,26,2,2,200-Level,2 Seat 200-Level,
223,1,1,2,2,2,200-Level,2 Seat 200-Level,
223,1,5,6,2,2,200-Level,2 Seat 200-Level,
223,1,9,10,2,2,200-Level,2 Seat 200-Level,
223,1,13,14,2,2,200-Level,2 Seat 200-Level,
223,1,17,18,2,2,200-Level,2 Seat 200-Level,
223,5,1,2,2,2,200-Level,2 Seat 200-Level,
223,5,5,8,4,4,200-Level,4 Seat 200-Level,
223,5,9,12,4,4,200-Level,4 Seat 200-Level,
223,7,1,2,2,2,200-Level,2 Seat 200-Level,
223,7,5,6,2,2,200-Level,2 Seat 200-Level,
223,7,9,10,2,2,200-Level,2 Seat 200-Level,
223,7,13,14,2,2,200-Level,2 Seat 200-Level,
223,7,17,20,4,4,200-Level,4 Seat 200-Level,
223,9,1,2,2,2,200-Level,2 Seat 200-Level,
223,9,5,6,2,2,200-Level,2 Seat 200-Level,
223,9,9,12,4,4,200-Level,4 Seat 200-Level,
223,9,15,16,2,2,200-Level,2 Seat 200-Level,
223,9,19,22,4,4,200-Level,4 Seat 200-Level,
223,9,25,26,2,2,200-Level,2 Seat 200-Level,
223,11,1,2,2,2,200-Level,2 Seat 200-Level,
223,11,5,6,2,2,200-Level,2 Seat 200-Level,
223,11,9,12,4,4,200-Level,4 Seat 200-Level,
223,11,15,16,2,2,200-Level,2 Seat 200-Level,
223,11,19,22,4,4,200-Level,4 Seat 200-Level,
223,11,25,26,2,2,200-Level,2 Seat 200-Level,
223,13,1,2,2,2,200-Level,2 Seat 200-Level,
223,13,5,6,2,2,200-Level,2 Seat 200-Level,
223,13,9,12,4,4,200-Level,4 Seat 200-Level,
223,13,15,16,2,2,200-Level,2 Seat 200-Level,
223,13,19,22,4,4,200-Level,4 Seat 200-Level,
223,13,25,26,2,2,200-Level,2 Seat 200-Level,
223,15,1,2,2,2,200-Level,2 Seat 200-Level,
223,15,5,6,2,2,200-Level,2 Seat 200-Level,
223,15,9,12,4,4,200-Level,4 Seat 200-Level,
223,15,15,16,2,2,200-Level,2 Seat 200-Level,
223,15,19,22,4,4,200-Level,4 Seat 200-Level,
223,15,25,26,2,2,200-Level,2 Seat 200-Level,
223,17,1,2,2,2,200-Level,2 Seat 200-Level,
223,17,5,6,2,2,200-Level,2 Seat 200-Level,
223,17,9,12,4,4,200-Level,4 Seat 200-Level,
223,17,15,16,2,2,200-Level,2 Seat 200-Level,
223,17,19,22,4,4,200-Level,4 Seat 200-Level,
223,17,25,26,2,2,200-Level,2 Seat 200-Level,
223,19,1,2,2,2,200-Level,2 Seat 200-Level,
223,19,5,6,2,2,200-Level,2 Seat 200-Level,
223,19,9,12,4,4,200-Level,4 Seat 200-Level,
223,19,15,16,2,2,200-Level,2 Seat 200-Level,
223,19,19,22,4,4,200-Level,4 Seat 200-Level,
223,19,25,26,2,2,200-Level,2 Seat 200-Level,
223,21,1,2,2,2,200-Level,2 Seat 200-Level,
223,21,5,6,2,2,200-Level,2 Seat 200-Level,
223,21,9,12,4,4,200-Level,4 Seat 200-Level,
223,21,15,16,2,2,200-Level,2 Seat 200-Level,
223,21,19,22,4,4,200-Level,4 Seat 200-Level,
223,21,25,26,2,2,200-Level,2 Seat 200-Level,
225,1,1,2,2,2,200-Level,2 Seat 200-Level,
225,1,12,15,4,4,200-Level,4 Seat 200-Level,
225,1,25,26,2,2,200-Level,2 Seat 200-Level,
225,5,2,5,4,4,200-Level,4 Seat 200-Level,
225,5,6,9,4,4,200-Level,4 Seat 200-Level,
225,5,12,13,2,2,200-Level,2 Seat 200-Level,
225,7,1,4,4,4,200-Level,4 Seat 200-Level,
225,7,7,8,2,2,200-Level,2 Seat 200-Level,
225,7,11,12,2,2,200-Level,2 Seat 200-Level,
225,7,15,16,2,2,200-Level,2 Seat 200-Level,
225,7,19,20,2,2,200-Level,2 Seat 200-Level,
225,9,1,2,2,2,200-Level,2 Seat 200-Level,
225,9,5,6,2,2,200-Level,2 Seat 200-Level,
225,9,9,12,4,4,200-Level,4 Seat 200-Level,
225,9,15,16,2,2,200-Level,2 Seat 200-Level,
225,9,19,22,4,4,200-Level,4 Seat 200-Level,
225,9,25,26,2,2,200-Level,2 Seat 200-Level,
225,11,1,2,2,2,200-Level,2 Seat 200-Level,
225,11,5,6,2,2,200-Level,2 Seat 200-Level,
225,11,9,12,4,4,200-Level,4 Seat 200-Level,
225,11,15,16,2,2,200-Level,2 Seat 200-Level,
225,11,19,22,4,4,200-Level,4 Seat 200-Level,
225,11,25,26,2,2,200-Level,2 Seat 200-Level,
225,13,1,2,2,2,200-Level,2 Seat 200-Level,
225,13,5,6,2,2,200-Level,2 Seat 200-Level,
225,13,9,12,4,4,200-Level,4 Seat 200-Level,
225,13,15,16,2,2,200-Level,2 Seat 200-Level,
225,13,19,22,4,4,200-Level,4 Seat 200-Level,
225,13,25,26,2,2,200-Level,2 Seat 200-Level,
225,15,1,2,2,2,200-Level,2 Seat 200-Level,
225,15,5,6,2,2,200-Level,2 Seat 200-Level,
225,15,9,12,4,4,200-Level,4 Seat 200-Level,
225,15,15,16,2,2,200-Level,2 Seat 200-Level,
225,15,19,22,4,4,200-Level,4 Seat 200-Level,
225,15,25,26,2,2,200-Level,2 Seat 200-Level,
225,17,1,2,2,2,200-Level,2 Seat 200-Level,
225,17,5,6,2,2,200-Level,2 Seat 200-Level,
225,17,9,12,4,4,200-Level,4 Seat 200-Level,
225,17,15,16,2,2,200-Level,2 Seat 200-Level,
225,17,19,22,4,4,200-Level,4 Seat 200-Level,
225,17,25,26,2,2,200-Level,2 Seat 200-Level,
225,19,1,2,2,2,200-Level,2 Seat 200-Level,
225,19,5,6,2,2,200-Level,2 Seat 200-Level,
225,19,9,12,4,4,200-Level,4 Seat 200-Level,
225,19,15,16,2,2,200-Level,2 Seat 200-Level,
225,19,19,22,4,4,200-Level,4 Seat 200-Level,
225,19,25,26,2,2,200-Level,2 Seat 200-Level,
225,21,1,2,2,2,200-Level,2 Seat 200-Level,
225,21,5,6,2,2,200-Level,2 Seat 200-Level,
225,21,9,12,4,4,200-Level,4 Seat 200-Level,
225,21,15,16,2,2,200-Level,2 Seat 200-Level,
225,21,19,22,4,4,200-Level,4 Seat 200-Level,
225,21,25,26,2,2,200-Level,2 Seat 200-Level,
226,1,1,2,2,2,200-Level,2 Seat 200-Level,
226,1,5,6,2,2,200-Level,2 Seat 200-Level,
226,1,9,12,4,4,200-Level,4 Seat 200-Level,
226,1,15,16,2,2,200-Level,2 Seat 200-Level,
226,1,19,20,2,2,200-Level,2 Seat 200-Level,
226,1,23,26,4,4,200-Level,4 Seat 200-Level,
226,3,1,4,4,4,200-Level,4 Seat 200-Level,
226,3,7,8,2,2,200-Level,2 Seat 200-Level,
226,3,11,12,2,2,200-Level,2 Seat 200-Level,
226,3,15,16,2,2,200-Level,2 Seat 200-Level,
226,3,19,20,2,2,200-Level,2 Seat 200-Level,
226,5,1,4,4,4,200-Level,4 Seat 200-Level,
226,5,7,8,2,2,200-Level,2 Seat 200-Level,
226,5,11,12,2,2,200-Level,2 Seat 200-Level,
226,5,15,16,2,2,200-Level,2 Seat 200-Level,
226,5,19,20,2,2,200-Level,2 Seat 200-Level,
226,7,1,4,4,4,200-Level,4 Seat 200-Level,
226,7,7,8,2,2,200-Level,2 Seat 200-Level,
226,7,11,12,2,2,200-Level,2 Seat 200-Level,
226,7,15,16,2,2,200-Level,2 Seat 200-Level,
226,7,19,20,2,2,200-Level,2 Seat 200-Level,
226,9,1,2,2,2,200-Level,2 Seat 200-Level,
226,9,5,6,2,2,200-Level,2 Seat 200-Level,
226,9,9,12,4,4,200-Level,4 Seat 200-Level,
226,9,15,16,2,2,200-Level,2 Seat 200-Level,
226,9,19,22,4,4,200-Level,4 Seat 200-Level,
226,9,25,26,2,2,200-Level,2 Seat 200-Level,
226,11,1,2,2,2,200-Level,2 Seat 200-Level,
226,11,5,6,2,2,200-Level,2 Seat 200-Level,
226,11,9,12,4,4,200-Level,4 Seat 200-Level,
226,11,15,16,2,2,200-Level,2 Seat 200-Level,
226,11,19,22,4,4,200-Level,4 Seat 200-Level,
226,11,25,26,2,2,200-Level,2 Seat 200-Level,
226,13,1,2,2,2,200-Level,2 Seat 200-Level,
226,13,5,6,2,2,200-Level,2 Seat 200-Level,
226,13,9,12,4,4,200-Level,4 Seat 200-Level,
226,13,15,16,2,2,200-Level,2 Seat 200-Level,
226,13,19,22,4,4,200-Level,4 Seat 200-Level,
226,13,25,26,2,2,200-Level,2 Seat 200-Level,
226,15,1,2,2,2,200-Level,2 Seat 200-Level,
226,15,5,6,2,2,200-Level,2 Seat 200-Level,
226,15,9,12,4,4,200-Level,4 Seat 200-Level,
226,15,15,16,2,2,200-Level,2 Seat 200-Level,
226,15,19,22,4,4,200-Level,4 Seat 200-Level,
226,15,25,26,2,2,200-Level,2 Seat 200-Level,
226,17,1,2,2,2,200-Level,2 Seat 200-Level,
226,17,5,6,2,2,200-Level,2 Seat 200-Level,
226,17,9,10,2,2,200-Level,2 Seat 200-Level,
226,17,13,14,2,2,200-Level,2 Seat 200-Level,
226,19,1,2,2,2,200-Level,2 Seat 200-Level,
226,19,5,6,2,2,200-Level,2 Seat 200-Level,
226,19,9,11,3,3,200-Level,3 Seat 200-Level,
226,21,1,2,2,2,200-Level,2 Seat 200-Level,
226,21,5,6,2,2,200-Level,2 Seat 200-Level,
226,22,10,13,4,4,200-Level,4 Seat 200-Level,
227,2,1,2,2,2,200-Level,2 Seat 200-Level,
227,4,1,2,2,2,200-Level,2 Seat 200-Level,
227,6,3,6,4,4,200-Level,4 Seat 200-Level,
227,8,1,2,2,2,200-Level,2 Seat 200-Level,
227,8,5,6,2,2,200-Level,2 Seat 200-Level,
227,8,10,13,4,4,200-Level,4 Seat 200-Level,
227,10,1,2,2,2,200-Level,2 Seat 200-Level,
227,10,5,6,2,2,200-Level,2 Seat 200-Level,
227,10,10,11,2,2,200-Level,2 Seat 200-Level,
227,10,14,16,3,3,200-Level,3 Seat 200-Level,
227,12,1,2,2,2,200-Level,2 Seat 200-Level,
227,12,5,6,2,2,200-Level,2 Seat 200-Level,
227,12,10,11,2,2,200-Level,2 Seat 200-Level,
227,12,14,15,2,2,200-Level,2 Seat 200-Level,
227,12,18,20,3,3,200-Level,3 Seat 200-Level,
227,14,1,2,2,2,200-Level,2 Seat 200-Level,
227,14,5,8,4,4,200-Level,4 Seat 200-Level,
227,14,12,13,2,2,200-Level,2 Seat 200-Level,
227,14,16,18,3,3,200-Level,3 Seat 200-Level,
227,14,21,24,4,4,200-Level,4 Seat 200-Level,
227,16,1,2,2,2,200-Level,2 Seat 200-Level,
227,16,5,6,2,2,200-Level,2 Seat 200-Level,
227,16,9,10,2,2,200-Level,2 Seat 200-Level,
227,16,14,15,2,2,200-Level,2 Seat 200-Level,
227,16,18,19,2,2,200-Level,2 Seat 200-Level,
227,16,22,23,2,2,200-Level,2 Seat 200-Level,
227,16,26,27,2,2,200-Level,2 Seat 200-Level,
227,18,1,2,2,2,200-Level,2 Seat 200-Level,
227,18,5,6,2,2,200-Level,2 Seat 200-Level,
227,18,9,12,4,4,200-Level,4 Seat 200-Level,
227,18,15,16,2,2,200-Level,2 Seat 200-Level,
227,18,19,20,2,2,200-Level,2 Seat 200-Level,
227,18,23,24,2,2,200-Level,2 Seat 200-Level,
227,18,27,29,3,3,200-Level,3 Seat 200-Level,
228,1,1,2,2,2,200-Level,2 Seat 200-Level,
228,1,5,6,2,2,200-Level,2 Seat 200-Level,
228,1,9,10,2,2,200-Level,2 Seat 200-Level,
228,1,13,14,2,2,200-Level,2 Seat 200-Level,
228,1,17,18,2,2,200-Level,2 Seat 200-Level,
228,1,21,22,2,2,200-Level,2 Seat 200-Level,
228,3,1,4,4,4,200-Level,4 Seat 200-Level,
228,3,7,9,3,3,200-Level,3 Seat 200-Level,
228,3,12,13,2,2,200-Level,2 Seat 200-Level,
228,3,16,17,2,2,200-Level,2 Seat 200-Level,
228,3,20,21,2,2,200-Level,2 Seat 200-Level,
228,3,24,25,2,2,200-Level,2 Seat 200-Level,
228,5,1,4,4,4,200-Level,4 Seat 200-Level,
228,5,7,8,2,2,200-Level,2 Seat 200-Level,
228,5,11,12,2,2,200-Level,2 Seat 200-Level,
228,5,15,16,2,2,200-Level,2 Seat 200-Level,
228,5,19,20,2,2,200-Level,2 Seat 200-Level,
228,5,23,24,2,2,200-Level,2 Seat 200-Level,
228,7,1,2,2,2,200-Level,2 Seat 200-Level,
228,7,5,6,2,2,200-Level,2 Seat 200-Level,
228,10,1,4,4,4,200-Level,4 Seat 200-Level,
228,10,6,7,2,2,200-Level,2 Seat 200-Level,
228,10,10,11,2,2,200-Level,2 Seat 200-Level,
228,13,1,2,2,2,200-Level,2 Seat 200-Level,
228,13,5,6,2,2,200-Level,2 Seat 200-Level,
228,13,9,10,2,2,200-Level,2 Seat 200-Level,
228,13,13,15,3,3,200-Level,3 Seat 200-Level,
228,13,18,21,4,4,200-Level,4 Seat 200-Level,
228,15,1,4,4,4,200-Level,4 Seat 200-Level,
229,1,1,2,2,2,200-Level,2 Seat 200-Level,
229,1,5,6,2,2,200-Level,2 Seat 200-Level,
229,1,9,12,4,4,200-Level,4 Seat 200-Level,
229,1,15,16,2,2,200-Level,2 Seat 200-Level,
229,1,19,20,2,2,200-Level,2 Seat 200-Level,
229,3,1,2,2,2,200-Level,2 Seat 200-Level,
229,3,5,6,2,2,200-Level,2 Seat 200-Level,
229,3,9,12,4,4,200-Level,4 Seat 200-Level,
229,3,15,16,2,2,200-Level,2 Seat 200-Level,
229,3,19,20,2,2,200-Level,2 Seat 200-Level,
229,5,1,2,2,2,200-Level,2 Seat 200-Level,
229,5,5,6,2,2,200-Level,2 Seat 200-Level,
229,5,9,12,4,4,200-Level,4 Seat 200-Level,
229,5,15,16,2,2,200-Level,2 Seat 200-Level,
229,5,19,20,2,2,200-Level,2 Seat 200-Level,
229,7,1,2,2,2,200-Level,2 Seat 200-Level,
229,7,3,4,2,2,200-Level,2 Seat 200-Level,
229,10,2,5,4,4,200-Level,4 Seat 200-Level,
229,10,6,7,2,2,200-Level,2 Seat 200-Level,
229,10,10,11,2,2,200-Level,2 Seat 200-Level,
229,13,1,2,2,2,200-Level,2 Seat 200-Level,
229,13,5,6,2,2,200-Level,2 Seat 200-Level,
229,13,9,10,2,2,200-Level,2 Seat 200-Level,
229,13,13,14,2,2,200-Level,2 Seat 200-Level,
229,13,17,19,3,3,200-Level,3 Seat 200-Level,
230,5,1,2,2,2,200-Level,2 Seat 200-Level,
230,5,5,6,2,2,200-Level,2 Seat 200-Level,
230,5,9,10,2,2,200-Level,2 Seat 200-Level,
230,5,13,16,4,4,200-Level,4 Seat 200-Level,
230,7,1,2,2,2,200-Level,2 Seat 200-Level,
230,7,5,6,2,2,200-Level,2 Seat 200-Level,
230,7,10,11,2,2,200-Level,2 Seat 200-Level,
230,7,14,15,2,2,200-Level,2 Seat 200-Level,
230,7,18,19,2,2,200-Level,2 Seat 200-Level,
230,9,1,2,2,2,200-Level,2 Seat 200-Level,
230,9,5,6,2,2,200-Level,2 Seat 200-Level,
230,9,9,10,2,2,200-Level,2 Seat 200-Level,
230,9,13,16,4,4,200-Level,4 Seat 200-Level,
230,11,1,2,2,2,200-Level,2 Seat 200-Level,
230,11,5,6,2,2,200-Level,2 Seat 200-Level,
230,11,9,10,2,2,200-Level,2 Seat 200-Level,
230,11,13,14,2,2,200-Level,2 Seat 200-Level,
230,11,17,18,2,2,200-Level,2 Seat 200-Level,
230,13,1,2,2,2,200-Level,2 Seat 200-Level,
230,13,5,6,2,2,200-Level,2 Seat 200-Level,
230,13,9,10,2,2,200-Level,2 Seat 200-Level,
230,13,13,14,2,2,200-Level,2 Seat 200-Level,
230,13,17,18,2,2,200-Level,2 Seat 200-Level,
230,13,21,22,2,2,200-Level,2 Seat 200-Level,
230,13,25,28,4,4,200-Level,4 Seat 200-Level,
231,1,1,2,2,2,200-Level,2 Seat 200-Level,
231,1,5,6,2,2,200-Level,2 Seat 200-Level,
231,1,9,10,2,2,200-Level,2 Seat 200-Level,
231,1,13,14,2,2,200-Level,2 Seat 200-Level,
231,1,17,18,2,2,200-Level,2 Seat 200-Level,
231,1,21,22,2,2,200-Level,2 Seat 200-Level,
231,1,25,26,2,2,200-Level,2 Seat 200-Level,
231,3,1,2,2,2,200-Level,2 Seat 200-Level,
231,3,5,6,2,2,200-Level,2 Seat 200-Level,
231,3,9,10,2,2,200-Level,2 Seat 200-Level,
231,3,13,14,2,2,200-Level,2 Seat 200-Level,
231,3,17,18,2,2,200-Level,2 Seat 200-Level,
231,3,21,22,2,2,200-Level,2 Seat 200-Level,
231,3,25,26,2,2,200-Level,2 Seat 200-Level,
231,5,1,2,2,2,200-Level,2 Seat 200-Level,
231,5,5,6,2,2,200-Level,2 Seat 200-Level,
231,5,9,10,2,2,200-Level,2 Seat 200-Level,
231,5,13,14,2,2,200-Level,2 Seat 200-Level,
231,5,17,18,2,2,200-Level,2 Seat 200-Level,
231,5,21,22,2,2,200-Level,2 Seat 200-Level,
231,5,25,26,2,2,200-Level,2 Seat 200-Level,
231,7,1,2,2,2,200-Level,2 Seat 200-Level,
231,7,5,6,2,2,200-Level,2 Seat 200-Level,
231,7,9,10,2,2,200-Level,2 Seat 200-Level,
231,9,1,4,4,4,200-Level,4 Seat 200-Level,
231,9,7,8,2,2,200-Level,2 Seat 200-Level - Limited View,Limited View
231,11,1,4,4,4,200-Level,4 Seat 200-Level,
231,11,7,8,2,2,200-Level,2 Seat 200-Level - Limited View,Limited View
231,13,1,2,2,2,200-Level,2 Seat 200-Level,
231,13,5,6,2,2,200-Level,2 Seat 200-Level,
231,13,9,10,2,2,200-Level,2 Seat 200-Level - Limited View,Limited View
201WC,7W,1,2,2,2,200-Level,2 Seat 200-Level,ADA
201WC,7W,5,6,2,2,200-Level,2 Seat 200-Level,ADA
203WC,7W,3,4,2,2,200-Level,2 Seat 200-Level,ADA
203WC,7W,7,8,2,2,200-Level,2 Seat 200-Level,ADA
204WC,7W,3,4,2,2,200-Level,2 Seat 200-Level,ADA
204WC,7W,7,10,4,4,200-Level,4 Seat 200-Level,ADA
207WC,2W,5,6,2,2,200-Level,2 Seat 200-Level,ADA
207WC,2W,9,10,2,2,200-Level,2 Seat 200-Level,ADA
209WC,2W,11,14,4,4,200-Level,4 Seat 200-Level,ADA
219WC,7W,3,4,2,2,200-Level,2 Seat 200-Level,ADA
219WC,7W,7,8,2,2,200-Level,2 Seat 200-Level,ADA
220WC,7W,3,4,2,2,200-Level,2 Seat 200-Level,ADA
220WC,7W,7,8,2,2,200-Level,2 Seat 200-Level,ADA
225WC,2W,1,4,4,4,200-Level,4 Seat 200-Level,ADA
225WC,2W,11,14,4,4,200-Level,4 Seat 200-Level,ADA
228WC,7W,1,4,4,4,200-Level,4 Seat 200-Level,ADA
228WC,7W,7,8,2,2,200-Level,2 Seat 200-Level,ADA
229WC,7W,3,4,2,2,200-Level,2 Seat 200-Level,ADA
229WC,7W,7,8,2,2,200-Level,2 Seat 200-Level,ADA
231WC,7W,1,2,2,2,200-Level,2 Seat 200-Level,ADA
231WC,7W,5,6,2,2,200-Level,2 Seat 200-Level,ADA
23WC,19W,1,4,4,4,Center 10,4 Seat Center 10,ADA
23WC,19W,9,12,4,4,Center 10,4 Seat Center 10,ADA
25WC,19W,1,4,4,4,Center 10,4 Seat Center 10,ADA
25WC,19W,11,14,4,4,Center 10,4 Seat Center 10,ADA
31WC,19W,1,4,4,4,Lower Level,4 Seat Lower Level,ADA
31WC,19W,7,10,4,4,Lower Level,4 Seat Lower Level,ADA
3WC,19W,6,7,2,2,Lower Level,2 Seat Lower Level,ADA
3WC,19W,12,13,2,2,Lower Level,2 Seat Lower Level,ADA
7WC,19W,2,3,2,2,Center 10,2 Seat Center 10,ADA
FLR17,AA,5,8,4,4,Courtside,4 Seat Courtside,No F&B at Seats
FLR17W,AAW,1,4,4,4,Courtside,4 Seat Courtside,No F&B at Seats
FLR23,AA,1,2,2,2,Courtside,2 Seat Courtside,No F&B at Seats
FLR23,AA,7,8,2,2,Courtside,2 Seat Courtside,No F&B at Seats
FLR23,AA,11,12,2,2,Courtside,2 Seat Courtside,No F&B at Seats
FLR23,AA,15,18,4,4,Courtside,4 Seat Courtside,No F&B at Seats
FLR23,AA,23,24,2,2,Courtside,2 Seat Courtside,No F&B at Seats
FLR24,AA,29,32,4,4,Courtside,4 Seat Courtside,No F&B at Seats
FLR24,AA,37,38,2,2,Courtside,2 Seat Courtside,No F&B at Seats
FLR24,AA,43,46,4,4,Courtside,4 Seat Courtside,No F&B at Seats
FLR25,AA,51,52,2,2,Courtside,2 Seat Courtside,No F&B at Seats
FLR25,AA,57,60,4,4,Courtside,4 Seat Courtside,No F&B at Seats
FLR25,AA,65,68,4,4,Courtside,4 Seat Courtside,No F&B at Seats
FLR25,AA,73,74,2,2,Courtside,2 Seat Courtside,No F&B at Seats
FLR31,AA,1,4,4,4,Courtside,4 Seat Courtside,No F&B at Seats
FLR31W,AAW,1,4,4,4,Courtside,4 Seat Courtside,No F&B at Seats
LG1,1,1,4,4,4,Loge,4 Seat Loge,
LG1,2,1,2,2,2,Loge,2 Seat Loge,
LG2,1,1,2,2,2,Loge,2 Seat Loge,
LG2,1,5,8,4,4,Loge,4 Seat Loge,
LG2,2,1,2,2,2,Loge,2 Seat Loge,
LG2,2,5,8,4,4,Loge,4 Seat Loge,
LG3,1,1,2,2,2,Loge,2 Seat Loge,
LG3,1,7,8,2,2,Loge,2 Seat Loge,
LG3,2,1,4,4,4,Loge,4 Seat Loge,
LG3,2,7,8,2,2,Loge,2 Seat Loge,
LG3,2,11,12,2,2,Loge,2 Seat Loge,
LG3,3,15,16,2,2,Loge,2 Seat Loge,
LG3,4,1,4,4,4,Loge,4 Seat Loge,
LG4,1,1,4,4,4,Loge,4 Seat Loge,
LG4,1,7,8,2,2,Loge,2 Seat Loge,
LG4,2,1,2,2,2,Loge,2 Seat Loge,
LG4,2,5,8,4,4,Loge,4 Seat Loge,
LG4,3,1,4,4,4,Loge,4 Seat Loge,
LG4,3,7,8,2,2,Loge,2 Seat Loge,
LG4,4,1,2,2,2,Loge,2 Seat Loge,
LG4,4,5,6,2,2,Loge,2 Seat Loge,
LG4,4,9,10,2,2,Loge,2 Seat Loge,
LG5,1,1,2,2,2,Loge,2 Seat Loge,
LG5,1,5,8,4,4,Loge,4 Seat Loge,
LG5,2,1,2,2,2,Loge,2 Seat Loge,
LG5,2,5,8,4,4,Loge,4 Seat Loge,
LG5,3,1,2,2,2,Loge,2 Seat Loge,
LG5,3,5,8,4,4,Loge,4 Seat Loge,
LG5,4,1,2,2,2,Loge,2 Seat Loge,
LG5,4,5,8,4,4,Loge,4 Seat Loge,
VIP24,1,1,4,4,4,Center 10,4 Seat Center 10 - No F&B,No F&B at Seats
VIP24,1,7,8,2,2,Center 10,2 Seat Center 10 - No F&B,No F&B at Seats
VIP24,1,11,14,4,4,Center 10,4 Seat Center 10 - No F&B,No F&B at Seats
VIP24,1,17,18,2,2,Center 10,2 Seat Center 10 - No F&B,No F&B at Seats
VIP24,3,1,2,2,2,Center 10,2 Seat Center 10 - No F&B,No F&B at Seats
VIP24,3,5,6,2,2,Center 10,2 Seat Center 10 - No F&B,No F&B at Seats
VIP24,3,9,10,2,2,Center 10,2 Seat Center 10 - No F&B,No F&B at Seats
VIP24,3,13,14,2,2,Center 10,2 Seat Center 10 - No F&B,No F&B at Seats
VIP24,3,17,18,2,2,Center 10,2 Seat Center 10 - No F&B,No F&B at Seats
VIP24,5,1,2,2,2,Center 10,2 Seat Center 10,
VIP24,5,5,6,2,2,Center 10,2 Seat Center 10,
VIP24,5,9,10,2,2,Center 10,2 Seat Center 10,
VIP24,5,13,14,2,2,Center 10,2 Seat Center 10,
VIP24,5,17,18,2,2,Center 10,2 Seat Center 10,
VIP25,1,1,2,2,2,Center 10,2 Seat Center 10 - No F&B,No F&B at Seats
VIP25,1,5,8,4,4,Center 10,4 Seat Center 10 - No F&B,No F&B at Seats
VIP25,1,11,12,2,2,Center 10,2 Seat Center 10 - No F&B,No F&B at Seats
VIP25,1,15,18,4,4,Center 10,4 Seat Center 10 - No F&B,No F&B at Seats
VIP25,3,1,2,2,2,Center 10,2 Seat Center 10 - No F&B,No F&B at Seats
VIP25,3,5,6,2,2,Center 10,2 Seat Center 10 - No F&B,No F&B at Seats
VIP25,3,9,10,2,2,Center 10,2 Seat Center 10 - No F&B,No F&B at Seats
VIP25,3,13,14,2,2,Center 10,2 Seat Center 10 - No F&B,No F&B at Seats
VIP25,3,17,18,2,2,Center 10,2 Seat Center 10 - No F&B,No F&B at Seats
VIP25,5,1,2,2,2,Center 10,2 Seat Center 10,
VIP25,5,5,8,4,4,Center 10,4 Seat Center 10,
VIP25,5,11,12,2,2,Center 10,2 Seat Center 10,
VIP25,5,15,18,4,4,Center 10,4 Seat Center 10,
